event_id,deployment_id,event_start,event_end,category,classification_label,taxon_class,taxon_order,taxon_family,taxon_genus,taxon_species,taxon_variant,scientific_name,common_name,count,sex,life_stage,behavior,event_notes,is_confirmed
5bb96e96-e789-4266-ba78-1627a4464de9,188f1a8d-9ebb-4f84-a33c-06a92c469785,2026-07-27T13:55:04-07:00,2026-07-27T14:00:50-07:00,person,person,,,,,,,Person,Person,3,,,,,FALSE
5bb96e96-e789-4266-ba78-1627a4464de9,188f1a8d-9ebb-4f84-a33c-06a92c469785,2026-07-27T13:55:04-07:00,2026-07-27T14:00:50-07:00,animal,animal,,,,,,,Animal,Animal,1,,,,,FALSE
a226f760-12a8-4fb8-b6ec-49883bbf2804,25446dba-7e72-4966-852e-135bc43ca60b,2026-07-27T14:17:03-07:00,2026-07-27T14:21:43-07:00,person,person,,,,,,,Person,Person,1,,,,,FALSE
fb814622-8811-433b-b8a3-ef8966c7b686,a8cfa427-9576-4cd9-b538-89c137818f42,2026-07-27T14:35:15-07:00,2026-07-27T14:37:24-07:00,person,person,,,,,,,Person,Person,2,,,,,FALSE
5eec05ea-5cd7-4342-8c52-b611af427105,a8cfa427-9576-4cd9-b538-89c137818f42,2026-07-27T21:53:42-07:00,2026-07-27T21:53:52-07:00,animal,animal,,,,,,,Animal,Animal,1,,,,,FALSE
3ef5aaac-ed0c-4510-b770-f9a648dde808,a8cfa427-9576-4cd9-b538-89c137818f42,2026-07-28T00:26:32-07:00,2026-07-28T00:27:04-07:00,animal,animal,,,,,,,Animal,Animal,1,,,,,FALSE
b6f21d1e-ca0c-43af-b740-59412016a801,25446dba-7e72-4966-852e-135bc43ca60b,2026-07-28T00:29:20-07:00,2026-07-28T00:29:30-07:00,animal,animal,,,,,,,Animal,Animal,1,,,,,FALSE
03f62be5-32eb-44a3-842c-d943ccdb253d,188f1a8d-9ebb-4f84-a33c-06a92c469785,2026-07-28T00:34:03-07:00,2026-07-28T00:34:13-07:00,animal,animal,,,,,,,Animal,Animal,1,,,,,FALSE
0d9f8d2a-8f08-4049-b240-ab460bba8a43,a8cfa427-9576-4cd9-b538-89c137818f42,2026-07-28T01:45:14-07:00,2026-07-28T01:45:24-07:00,animal,animal,,,,,,,Animal,Animal,1,,,,,FALSE
e9700beb-9ea2-4649-b08a-e996590c28aa,a8cfa427-9576-4cd9-b538-89c137818f42,2026-07-28T03:53:10-07:00,2026-07-28T03:53:20-07:00,animal,animal,,,,,,,Animal,Animal,1,,,,,FALSE
c8bed24c-9b67-4a94-8f90-d9aa2f3b76fb,25446dba-7e72-4966-852e-135bc43ca60b,2026-07-28T04:09:30-07:00,2026-07-28T04:09:40-07:00,animal,animal,,,,,,,Animal,Animal,1,,,,,FALSE
e9030536-4326-46b2-aac9-b4d22e14fba2,25446dba-7e72-4966-852e-135bc43ca60b,2026-07-28T04:12:16-07:00,2026-07-28T04:12:26-07:00,animal,animal,,,,,,,Animal,Animal,1,,,,,FALSE
1715eb68-f05c-430b-a1bb-b55236ac197c,a8cfa427-9576-4cd9-b538-89c137818f42,2026-07-28T05:09:52-07:00,2026-07-28T05:10:03-07:00,animal,animal,,,,,,,Animal,Animal,1,,,,,FALSE
5689b9c4-98a1-4842-85c6-0eaf1dc45519,188f1a8d-9ebb-4f84-a33c-06a92c469785,2026-07-28T06:03:24-07:00,2026-07-28T06:03:34-07:00,animal,Bird,,,,,,,Bird,Bird,1,,,,,FALSE
d9c2ed51-8e23-463f-97b0-2e1aee257909,a8cfa427-9576-4cd9-b538-89c137818f42,2026-07-28T06:03:26-07:00,2026-07-28T06:03:36-07:00,animal,animal,,,,,,,Animal,Animal,1,,,,,FALSE
05dd58f4-9e3c-495f-8f38-48337a0316d3,25446dba-7e72-4966-852e-135bc43ca60b,2026-07-28T06:12:28-07:00,2026-07-28T06:13:05-07:00,animal,animal,,,,,,,Animal,Animal,1,,,,,FALSE
0593e635-af89-437d-b112-0abd3c55e130,a8cfa427-9576-4cd9-b538-89c137818f42,2026-07-28T06:44:45-07:00,2026-07-28T06:44:55-07:00,animal,animal,,,,,,,Animal,Animal,2,,,,,FALSE
093bfa05-b229-41c1-95ff-15b177dab5cf,a8cfa427-9576-4cd9-b538-89c137818f42,2026-07-28T08:00:00-07:00,2026-07-28T08:00:14-07:00,animal,animal,,,,,,,Animal,Animal,1,,,,,FALSE
7db7ed50-5d14-43e1-ad4e-a8d685dfc8ef,a8cfa427-9576-4cd9-b538-89c137818f42,2026-07-28T09:45:54-07:00,2026-07-28T09:46:04-07:00,animal,animal,,,,,,,Animal,Animal,1,,,,,FALSE
96e953c8-3577-4254-b8ef-2d1a90e58732,25446dba-7e72-4966-852e-135bc43ca60b,2026-07-28T09:49:18-07:00,2026-07-28T09:50:39-07:00,animal,animal,,,,,,,Animal,Animal,1,,,,,FALSE
be4d3ca9-3083-470e-818e-71d1c6587719,a8cfa427-9576-4cd9-b538-89c137818f42,2026-07-28T10:41:32-07:00,2026-07-28T10:41:42-07:00,animal,animal,,,,,,,Animal,Animal,1,,,,,FALSE
6bcd5b5e-34b7-4e1b-8912-4780a4d72b6e,a8cfa427-9576-4cd9-b538-89c137818f42,2026-07-28T10:57:36-07:00,2026-07-28T10:57:46-07:00,animal,animal,,,,,,,Animal,Animal,1,,,,,FALSE
9d3c8aab-8f77-4c6b-b553-260863371307,25446dba-7e72-4966-852e-135bc43ca60b,2026-07-28T11:24:59-07:00,2026-07-28T11:25:09-07:00,animal,animal,,,,,,,Animal,Animal,1,,,,,FALSE
87684c71-1036-4cf9-9bd0-a93afa24e9c2,25446dba-7e72-4966-852e-135bc43ca60b,2026-07-28T11:58:18-07:00,2026-07-28T12:00:00-07:00,animal,animal,,,,,,,Animal,Animal,2,,,,,FALSE
bab19792-fb12-4902-aeb5-8f99eff2b5f5,a8cfa427-9576-4cd9-b538-89c137818f42,2026-07-28T12:00:00-07:00,2026-07-28T12:01:38-07:00,animal,animal,,,,,,,Animal,Animal,1,,,,,FALSE
d324a549-40b3-4378-8964-b0956493492a,a8cfa427-9576-4cd9-b538-89c137818f42,2026-07-28T12:43:14-07:00,2026-07-28T12:43:24-07:00,animal,animal,,,,,,,Animal,Animal,1,,,,,FALSE
62442fc6-fcf5-4e8e-a3f7-50749becb40a,a8cfa427-9576-4cd9-b538-89c137818f42,2026-07-28T12:48:31-07:00,2026-07-28T12:48:41-07:00,animal,animal,,,,,,,Animal,Animal,1,,,,,FALSE
76defdf5-971f-4b30-9022-5945628a7ed3,25446dba-7e72-4966-852e-135bc43ca60b,2026-07-28T13:13:44-07:00,2026-07-28T13:13:54-07:00,animal,animal,,,,,,,Animal,Animal,1,,,,,FALSE
73352a9a-cfe6-4101-9642-9798ce9f0c1d,25446dba-7e72-4966-852e-135bc43ca60b,2026-07-28T13:17:23-07:00,2026-07-28T13:17:33-07:00,animal,animal,,,,,,,Animal,Animal,1,,,,,FALSE
25e51db0-d687-4f02-aae6-8a0217f460a7,a8cfa427-9576-4cd9-b538-89c137818f42,2026-07-28T13:45:12-07:00,2026-07-28T13:45:22-07:00,animal,animal,,,,,,,Animal,Animal,1,,,,,FALSE
7e265364-1c5a-4ef0-97a5-db2a845ef370,25446dba-7e72-4966-852e-135bc43ca60b,2026-07-28T13:55:39-07:00,2026-07-28T13:57:38-07:00,animal,animal,,,,,,,Animal,Animal,1,,,,,FALSE
e1d5fb34-e6ec-41db-81b2-00c30f12b7a0,25446dba-7e72-4966-852e-135bc43ca60b,2026-07-28T14:00:00-07:00,2026-07-28T14:00:56-07:00,animal,animal,,,,,,,Animal,Animal,1,,,,,FALSE
d67d1b7f-555c-42f9-b1cc-12eb06c1609f,a8cfa427-9576-4cd9-b538-89c137818f42,2026-07-28T14:13:12-07:00,2026-07-28T14:13:22-07:00,animal,animal,,,,,,,Animal,Animal,1,,,,,FALSE
18e6b8e1-8f63-484f-a558-d7af2e298778,25446dba-7e72-4966-852e-135bc43ca60b,2026-07-28T14:19:42-07:00,2026-07-28T14:19:52-07:00,animal,animal,,,,,,,Animal,Animal,1,,,,,FALSE
981606f9-6965-426e-9481-2e9882ede893,a8cfa427-9576-4cd9-b538-89c137818f42,2026-07-28T14:50:15-07:00,2026-07-28T14:50:25-07:00,animal,animal,,,,,,,Animal,Animal,1,,,,,FALSE
0912947c-8d58-40dc-8a91-6eefe1a9b972,a8cfa427-9576-4cd9-b538-89c137818f42,2026-07-28T15:22:28-07:00,2026-07-28T15:22:38-07:00,animal,animal,,,,,,,Animal,Animal,1,,,,,FALSE
c1c4d3be-e06a-485d-b796-bfdb2ab016bb,a8cfa427-9576-4cd9-b538-89c137818f42,2026-07-28T16:10:52-07:00,2026-07-28T16:11:02-07:00,animal,animal,,,,,,,Animal,Animal,1,,,,,FALSE
95422895-b2f6-403d-995c-6d9eed9db8ad,25446dba-7e72-4966-852e-135bc43ca60b,2026-07-28T17:00:00-07:00,2026-07-28T17:03:17-07:00,animal,animal,,,,,,,Animal,Animal,2,,,,,FALSE
96026247-bfd8-4b20-b77c-9486c818bd5e,a8cfa427-9576-4cd9-b538-89c137818f42,2026-07-28T17:25:04-07:00,2026-07-28T17:25:14-07:00,animal,animal,,,,,,,Animal,Animal,1,,,,,FALSE
036c8ae6-581c-42d9-b26f-5d3217c52d74,a8cfa427-9576-4cd9-b538-89c137818f42,2026-07-28T17:31:22-07:00,2026-07-28T17:31:32-07:00,animal,animal,,,,,,,Animal,Animal,1,,,,,FALSE
3b467d50-16df-401d-8487-20b7d0b77107,a8cfa427-9576-4cd9-b538-89c137818f42,2026-07-28T17:44:44-07:00,2026-07-28T17:44:54-07:00,animal,animal,,,,,,,Animal,Animal,1,,,,,FALSE
dcc784f9-3be2-4720-8d31-5395ebf80edc,a8cfa427-9576-4cd9-b538-89c137818f42,2026-07-28T18:04:25-07:00,2026-07-28T18:04:35-07:00,animal,animal,,,,,,,Animal,Animal,1,,,,,FALSE
f47e821f-770c-435c-b481-b3d3d8f25cdb,a8cfa427-9576-4cd9-b538-89c137818f42,2026-07-28T18:16:30-07:00,2026-07-28T18:16:40-07:00,animal,animal,,,,,,,Animal,Animal,1,,,,,FALSE
c458ecf5-e331-4838-8a48-7340bd92ba93,a8cfa427-9576-4cd9-b538-89c137818f42,2026-07-28T18:33:25-07:00,2026-07-28T18:33:35-07:00,animal,animal,,,,,,,Animal,Animal,1,,,,,FALSE
f55a9eb4-ed11-490d-8a0a-7428e134c36f,a8cfa427-9576-4cd9-b538-89c137818f42,2026-07-28T18:49:21-07:00,2026-07-28T18:49:31-07:00,animal,animal,,,,,,,Animal,Animal,1,,,,,FALSE
e0c22f0a-d1e3-4c16-939a-7b71db8ad262,25446dba-7e72-4966-852e-135bc43ca60b,2026-07-28T18:51:58-07:00,2026-07-28T18:52:08-07:00,animal,animal,,,,,,,Animal,Animal,1,,,,,FALSE
93dda27d-4910-4d7b-a697-69e4d481a617,25446dba-7e72-4966-852e-135bc43ca60b,2026-07-28T19:04:03-07:00,2026-07-28T19:04:13-07:00,animal,animal,,,,,,,Animal,Animal,1,,,,,FALSE
71691b0f-5f1c-41da-85ab-0c4cc1f109aa,25446dba-7e72-4966-852e-135bc43ca60b,2026-07-28T19:10:44-07:00,2026-07-28T19:10:54-07:00,animal,animal,,,,,,,Animal,Animal,2,,,,,FALSE
82909a79-00b2-4bef-bb04-ff39bf15ad5a,25446dba-7e72-4966-852e-135bc43ca60b,2026-07-28T19:37:12-07:00,2026-07-28T19:37:22-07:00,animal,animal,,,,,,,Animal,Animal,1,,,,,FALSE
05882d1b-5ae9-4472-972f-6166546eaa05,a8cfa427-9576-4cd9-b538-89c137818f42,2026-07-28T19:44:58-07:00,2026-07-28T19:45:08-07:00,animal,animal,,,,,,,Animal,Animal,1,,,,,FALSE
f1914fc7-809c-49f2-8c76-f657cf047a26,25446dba-7e72-4966-852e-135bc43ca60b,2026-07-28T19:55:16-07:00,2026-07-28T19:56:48-07:00,animal,animal,,,,,,,Animal,Animal,2,,,,,FALSE
652eb014-b803-4fc9-b6fb-1bbab322829c,25446dba-7e72-4966-852e-135bc43ca60b,2026-07-28T20:49:35-07:00,2026-07-28T20:49:45-07:00,animal,animal,,,,,,,Animal,Animal,1,,,,,FALSE
5e1c8cfb-b462-4951-b118-e8af9be2402c,25446dba-7e72-4966-852e-135bc43ca60b,2026-07-28T21:08:07-07:00,2026-07-28T21:08:17-07:00,animal,animal,,,,,,,Animal,Animal,1,,,,,FALSE
eded1a55-41ab-41f4-9a3a-a4ae821d4df6,a8cfa427-9576-4cd9-b538-89c137818f42,2026-07-28T21:16:02-07:00,2026-07-28T21:16:50-07:00,animal,animal,,,,,,,Animal,Animal,1,,,,,FALSE
2612673b-a450-4b90-9e56-94b3ba37aaec,a8cfa427-9576-4cd9-b538-89c137818f42,2026-07-28T21:28:21-07:00,2026-07-28T21:28:31-07:00,animal,animal,,,,,,,Animal,Animal,2,,,,,FALSE
9c9b8176-a4b5-4b7d-81a6-1197aaba0f91,25446dba-7e72-4966-852e-135bc43ca60b,2026-07-28T22:13:43-07:00,2026-07-28T22:13:53-07:00,animal,animal,,,,,,,Animal,Animal,1,,,,,FALSE
1c6e5b4a-b6d6-408d-8b6b-e3246c137fe2,25446dba-7e72-4966-852e-135bc43ca60b,2026-07-28T22:23:38-07:00,2026-07-28T22:23:48-07:00,animal,animal,,,,,,,Animal,Animal,1,,,,,FALSE
194e3962-d9ee-45d3-a4e8-c3afd0596549,a8cfa427-9576-4cd9-b538-89c137818f42,2026-07-29T03:12:58-07:00,2026-07-29T03:13:08-07:00,animal,animal,,,,,,,Animal,Animal,2,,,,,FALSE
e7c4374c-e28a-49dc-9685-082e79bf155a,a8cfa427-9576-4cd9-b538-89c137818f42,2026-07-29T03:40:31-07:00,2026-07-29T03:40:41-07:00,animal,animal,,,,,,,Animal,Animal,1,,,,,FALSE
07c986ea-de17-4df8-8595-14c84f3af3d5,25446dba-7e72-4966-852e-135bc43ca60b,2026-07-29T05:16:32-07:00,2026-07-29T05:16:42-07:00,animal,animal,,,,,,,Animal,Animal,2,,,,,FALSE
c25d5c1a-6c61-4bfd-b18d-1de0580240fa,25446dba-7e72-4966-852e-135bc43ca60b,2026-07-29T06:45:41-07:00,2026-07-29T06:45:51-07:00,animal,animal,,,,,,,Animal,Animal,1,,,,,FALSE
0ee007a4-59e2-4cff-8e52-c31bd307af3a,25446dba-7e72-4966-852e-135bc43ca60b,2026-07-29T06:48:40-07:00,2026-07-29T06:48:50-07:00,animal,animal,,,,,,,Animal,Animal,2,,,,,FALSE
8fdce6b8-107c-43b9-a845-29b13f8a6872,a8cfa427-9576-4cd9-b538-89c137818f42,2026-07-29T07:18:31-07:00,2026-07-29T07:18:41-07:00,animal,animal,,,,,,,Animal,Animal,1,,,,,FALSE
fbf57e00-0d30-4c45-bcc9-db109d89b1f8,a8cfa427-9576-4cd9-b538-89c137818f42,2026-07-29T08:21:57-07:00,2026-07-29T08:23:35-07:00,animal,animal,,,,,,,Animal,Animal,1,,,,,FALSE
35ffd371-864d-4878-a3cf-227908d05ff4,25446dba-7e72-4966-852e-135bc43ca60b,2026-07-29T08:31:11-07:00,2026-07-29T08:31:21-07:00,animal,animal,,,,,,,Animal,Animal,1,,,,,FALSE
443b1708-6d7d-4382-afd5-f88c35f72c91,a8cfa427-9576-4cd9-b538-89c137818f42,2026-07-29T09:16:37-07:00,2026-07-29T09:16:47-07:00,animal,animal,,,,,,,Animal,Animal,1,,,,,FALSE
d5d44f9c-ad52-4184-aba6-a22e26a13c94,a8cfa427-9576-4cd9-b538-89c137818f42,2026-07-29T09:29:38-07:00,2026-07-29T09:29:48-07:00,animal,animal,,,,,,,Animal,Animal,1,,,,,FALSE
aef8f99c-fcc6-4602-a3b4-eb9a5efd39e2,a8cfa427-9576-4cd9-b538-89c137818f42,2026-07-29T09:51:42-07:00,2026-07-29T09:52:19-07:00,animal,animal,,,,,,,Animal,Animal,2,,,,,FALSE
e070b075-add0-46c2-b053-6d3683db3842,a8cfa427-9576-4cd9-b538-89c137818f42,2026-07-29T10:12:45-07:00,2026-07-29T10:12:55-07:00,animal,animal,,,,,,,Animal,Animal,1,,,,,FALSE
66032abf-3d36-479a-869f-b9a4feb9125f,25446dba-7e72-4966-852e-135bc43ca60b,2026-07-29T10:28:21-07:00,2026-07-29T10:28:31-07:00,animal,animal,,,,,,,Animal,Animal,1,,,,,FALSE
87a38742-eb64-45aa-8e1e-c0a06c00eea9,a8cfa427-9576-4cd9-b538-89c137818f42,2026-07-29T11:37:27-07:00,2026-07-29T11:37:37-07:00,animal,animal,,,,,,,Animal,Animal,1,,,,,FALSE
a321974e-cf8c-4e66-be0f-30ce731d67e9,a8cfa427-9576-4cd9-b538-89c137818f42,2026-07-29T11:53:10-07:00,2026-07-29T11:53:56-07:00,animal,animal,,,,,,,Animal,Animal,1,,,,,FALSE
7b1729df-bc7e-4a34-ae76-247fe5b510d8,188f1a8d-9ebb-4f84-a33c-06a92c469785,2026-07-29T11:54:33-07:00,2026-07-29T11:54:43-07:00,animal,animal,,,,,,,Animal,Animal,1,,,,,FALSE
04e5690e-a214-4dc4-934a-eb3e9ec17444,25446dba-7e72-4966-852e-135bc43ca60b,2026-07-29T12:05:55-07:00,2026-07-29T12:06:05-07:00,animal,animal,,,,,,,Animal,Animal,2,,,,,FALSE
062c7546-ba28-4faa-9147-bd199b2c2c5b,a8cfa427-9576-4cd9-b538-89c137818f42,2026-07-29T12:50:03-07:00,2026-07-29T12:50:13-07:00,animal,animal,,,,,,,Animal,Animal,1,,,,,FALSE
26b67028-8dec-4160-94ff-893ceb9ee5bc,a8cfa427-9576-4cd9-b538-89c137818f42,2026-07-29T12:56:47-07:00,2026-07-29T12:56:57-07:00,animal,animal,,,,,,,Animal,Animal,1,,,,,FALSE
deb94c14-7062-4898-9f35-da1883ceedda,a8cfa427-9576-4cd9-b538-89c137818f42,2026-07-29T13:03:42-07:00,2026-07-29T13:03:52-07:00,animal,animal,,,,,,,Animal,Animal,1,,,,,FALSE
b7d46af4-f3f2-4897-820c-8df03f255fde,a8cfa427-9576-4cd9-b538-89c137818f42,2026-07-29T15:48:27-07:00,2026-07-29T15:48:37-07:00,animal,animal,,,,,,,Animal,Animal,1,,,,,FALSE
fca6a9b8-f885-4791-ac9f-f67610f44949,a8cfa427-9576-4cd9-b538-89c137818f42,2026-07-29T16:00:00-07:00,2026-07-29T16:02:10-07:00,animal,animal,,,,,,,Animal,Animal,1,,,,,FALSE
9ea51b24-e400-4004-b2d4-15092a20d57b,a8cfa427-9576-4cd9-b538-89c137818f42,2026-07-29T16:11:21-07:00,2026-07-29T16:11:31-07:00,animal,animal,,,,,,,Animal,Animal,1,,,,,FALSE
2ee3bc72-54eb-43f4-92ac-e2183c197278,a8cfa427-9576-4cd9-b538-89c137818f42,2026-07-29T16:34:16-07:00,2026-07-29T16:34:26-07:00,animal,animal,,,,,,,Animal,Animal,1,,,,,FALSE
1657fee3-4d6b-45ac-9b3a-5e4d068a6438,a8cfa427-9576-4cd9-b538-89c137818f42,2026-07-29T16:42:04-07:00,2026-07-29T16:42:14-07:00,animal,animal,,,,,,,Animal,Animal,1,,,,,FALSE
b237584f-dbdd-4600-bca9-d7fdbaaa2080,a8cfa427-9576-4cd9-b538-89c137818f42,2026-07-29T17:08:13-07:00,2026-07-29T17:08:23-07:00,animal,animal,,,,,,,Animal,Animal,1,,,,,FALSE
d743a9d5-b583-40d7-904c-58708c6af7cf,a8cfa427-9576-4cd9-b538-89c137818f42,2026-07-29T17:18:22-07:00,2026-07-29T17:18:32-07:00,animal,animal,,,,,,,Animal,Animal,1,,,,,FALSE
7c6b4e6d-98d6-4428-ae66-9ab4e985a535,a8cfa427-9576-4cd9-b538-89c137818f42,2026-07-29T17:53:11-07:00,2026-07-29T17:53:21-07:00,animal,animal,,,,,,,Animal,Animal,1,,,,,FALSE
2591ce7e-a893-4d03-88d6-f1bbc2230f67,a8cfa427-9576-4cd9-b538-89c137818f42,2026-07-29T18:06:45-07:00,2026-07-29T18:06:55-07:00,animal,animal,,,,,,,Animal,Animal,1,,,,,FALSE
2f61644d-a634-49bd-90b9-c2010d2bd679,a8cfa427-9576-4cd9-b538-89c137818f42,2026-07-29T18:10:42-07:00,2026-07-29T18:10:52-07:00,animal,animal,,,,,,,Animal,Animal,1,,,,,FALSE
e5df28c0-219e-4efc-a50a-ccf3ff04e5da,a8cfa427-9576-4cd9-b538-89c137818f42,2026-07-29T18:23:10-07:00,2026-07-29T18:23:20-07:00,animal,animal,,,,,,,Animal,Animal,1,,,,,FALSE
2f00658f-0a86-4aad-84b1-95485a31cc7e,a8cfa427-9576-4cd9-b538-89c137818f42,2026-07-29T18:51:09-07:00,2026-07-29T18:51:41-07:00,animal,animal,,,,,,,Animal,Animal,1,,,,,FALSE
0e6f3063-d9ac-432e-b853-c76417518a47,a8cfa427-9576-4cd9-b538-89c137818f42,2026-07-29T19:19:02-07:00,2026-07-29T19:19:12-07:00,animal,animal,,,,,,,Animal,Animal,1,,,,,FALSE
2584762d-d53d-4468-bbb6-5727a1c32343,25446dba-7e72-4966-852e-135bc43ca60b,2026-07-29T19:36:08-07:00,2026-07-29T19:36:18-07:00,animal,animal,,,,,,,Animal,Animal,1,,,,,FALSE
9cc82f7f-b4c3-403b-8d09-87c182990e0c,a8cfa427-9576-4cd9-b538-89c137818f42,2026-07-29T19:48:02-07:00,2026-07-29T19:48:12-07:00,animal,animal,,,,,,,Animal,Animal,1,,,,,FALSE
158a70b8-b259-465a-9bc7-ef2f2541cc82,25446dba-7e72-4966-852e-135bc43ca60b,2026-07-29T20:27:28-07:00,2026-07-29T20:27:38-07:00,animal,animal,,,,,,,Animal,Animal,1,,,,,FALSE
6a3c478f-a442-4e65-9937-19826fbbc131,25446dba-7e72-4966-852e-135bc43ca60b,2026-07-29T23:20:47-07:00,2026-07-29T23:21:19-07:00,animal,animal,,,,,,,Animal,Animal,1,,,,,FALSE
59021b09-35a5-49a6-8c77-5c3b571233e0,a8cfa427-9576-4cd9-b538-89c137818f42,2026-07-30T00:31:45-07:00,2026-07-30T00:32:29-07:00,animal,animal,,,,,,,Animal,Animal,2,,,,,FALSE
7231f51f-a4d2-4086-8042-84dd0354d8eb,25446dba-7e72-4966-852e-135bc43ca60b,2026-07-30T01:00:00-07:00,2026-07-30T01:00:12-07:00,animal,animal,,,,,,,Animal,Animal,1,,,,,FALSE
05d789bd-f8df-47eb-93a9-17e2997af857,a8cfa427-9576-4cd9-b538-89c137818f42,2026-07-30T01:59:37-07:00,2026-07-30T02:00:00-07:00,animal,animal,,,,,,,Animal,Animal,1,,,,,FALSE
56ee39f6-6c83-4b0e-8d0c-f830ce9e2031,a8cfa427-9576-4cd9-b538-89c137818f42,2026-07-30T02:34:57-07:00,2026-07-30T02:35:07-07:00,animal,animal,,,,,,,Animal,Animal,1,,,,,FALSE
01e3c7b3-bea1-4aca-a38e-99e70d7541a7,a8cfa427-9576-4cd9-b538-89c137818f42,2026-07-30T04:27:28-07:00,2026-07-30T04:27:38-07:00,animal,animal,,,,,,,Animal,Animal,1,,,,,FALSE
1213f7be-8a95-409f-9db1-ae3ab582fc9a,a8cfa427-9576-4cd9-b538-89c137818f42,2026-07-30T07:12:53-07:00,2026-07-30T07:13:03-07:00,animal,animal,,,,,,,Animal,Animal,1,,,,,FALSE
9a571427-70bc-4981-b59d-e06bdda1c477,a8cfa427-9576-4cd9-b538-89c137818f42,2026-07-30T09:25:11-07:00,2026-07-30T09:25:44-07:00,animal,animal,,,,,,,Animal,Animal,1,,,,,FALSE
616159e2-6cd8-4c8f-91ac-a98f396dd233,a8cfa427-9576-4cd9-b538-89c137818f42,2026-07-30T09:29:56-07:00,2026-07-30T09:31:13-07:00,animal,animal,,,,,,,Animal,Animal,1,,,,,FALSE
059053b2-5479-434f-ac3e-8bbdd4c35a6a,25446dba-7e72-4966-852e-135bc43ca60b,2026-07-30T09:41:28-07:00,2026-07-30T09:41:38-07:00,animal,animal,,,,,,,Animal,Animal,1,,,,,FALSE
47e43b85-81b3-43f5-875c-aabd7e0576ff,a8cfa427-9576-4cd9-b538-89c137818f42,2026-07-30T12:05:56-07:00,2026-07-30T12:06:06-07:00,animal,animal,,,,,,,Animal,Animal,1,,,,,FALSE
c8e9ac07-e5d1-4648-b7bb-2b08f17b00cb,a8cfa427-9576-4cd9-b538-89c137818f42,2026-07-30T12:08:40-07:00,2026-07-30T12:08:50-07:00,animal,animal,,,,,,,Animal,Animal,1,,,,,FALSE
15fb084b-9786-42f8-b2a4-92b42eafbf9e,25446dba-7e72-4966-852e-135bc43ca60b,2026-07-30T13:39:19-07:00,2026-07-30T13:40:18-07:00,animal,animal,,,,,,,Animal,Animal,1,,,,,FALSE
f29fb58f-064a-4059-bf94-fff1500c0fb9,25446dba-7e72-4966-852e-135bc43ca60b,2026-07-30T15:06:31-07:00,2026-07-30T15:07:32-07:00,animal,animal,,,,,,,Animal,Animal,1,,,,,FALSE
86c19bd2-098e-41bd-9229-4180ac6d7250,a8cfa427-9576-4cd9-b538-89c137818f42,2026-07-30T15:45:01-07:00,2026-07-30T15:45:11-07:00,animal,animal,,,,,,,Animal,Animal,2,,,,,FALSE
dcccd448-257d-4cbf-988c-83e95c7e7f49,25446dba-7e72-4966-852e-135bc43ca60b,2026-07-30T15:55:32-07:00,2026-07-30T15:55:42-07:00,animal,animal,,,,,,,Animal,Animal,1,,,,,FALSE
0b535fce-e204-40e4-aa65-236c53850df3,a8cfa427-9576-4cd9-b538-89c137818f42,2026-07-30T16:05:38-07:00,2026-07-30T16:05:48-07:00,animal,animal,,,,,,,Animal,Animal,1,,,,,FALSE
ed211409-cde9-455d-b61a-d23d9366a328,25446dba-7e72-4966-852e-135bc43ca60b,2026-07-30T18:05:41-07:00,2026-07-30T18:06:21-07:00,animal,animal,,,,,,,Animal,Animal,1,,,,,FALSE
5283dd34-2974-480e-9933-1b7db308a163,25446dba-7e72-4966-852e-135bc43ca60b,2026-07-30T19:00:00-07:00,2026-07-30T19:00:36-07:00,animal,animal,,,,,,,Animal,Animal,1,,,,,FALSE
22802b5c-97a6-4dfa-93a4-12755aa5993c,a8cfa427-9576-4cd9-b538-89c137818f42,2026-07-30T19:29:45-07:00,2026-07-30T19:29:55-07:00,animal,animal,,,,,,,Animal,Animal,1,,,,,FALSE
270c7da1-8af0-4c17-ab52-610b3ea0f709,a8cfa427-9576-4cd9-b538-89c137818f42,2026-07-30T19:52:16-07:00,2026-07-30T19:52:26-07:00,animal,animal,,,,,,,Animal,Animal,1,,,,,FALSE
7f86824f-d040-4362-a3b2-652539429d8e,25446dba-7e72-4966-852e-135bc43ca60b,2026-07-30T20:18:55-07:00,2026-07-30T20:19:05-07:00,animal,animal,,,,,,,Animal,Animal,1,,,,,FALSE
6798babf-cacc-45ce-9bcc-0d008bbd0b83,a8cfa427-9576-4cd9-b538-89c137818f42,2026-07-30T20:35:36-07:00,2026-07-30T20:35:46-07:00,animal,animal,,,,,,,Animal,Animal,1,,,,,FALSE
64022236-5fbe-4665-a382-9df9db7b9cbd,25446dba-7e72-4966-852e-135bc43ca60b,2026-07-30T21:08:10-07:00,2026-07-30T21:10:13-07:00,animal,animal,,,,,,,Animal,Animal,1,,,,,FALSE
8db3434f-075d-4e95-830a-1fbbee97f5db,a8cfa427-9576-4cd9-b538-89c137818f42,2026-07-30T21:17:50-07:00,2026-07-30T21:18:00-07:00,animal,animal,,,,,,,Animal,Animal,1,,,,,FALSE
44bf65a3-15cf-4372-9121-ede0a5a338ad,a8cfa427-9576-4cd9-b538-89c137818f42,2026-07-30T21:21:53-07:00,2026-07-30T21:22:34-07:00,animal,animal,,,,,,,Animal,Animal,1,,,,,FALSE
c1dd4ee0-da26-49ce-9382-ec3d17141ada,25446dba-7e72-4966-852e-135bc43ca60b,2026-07-30T21:26:42-07:00,2026-07-30T21:29:37-07:00,animal,animal,,,,,,,Animal,Animal,1,,,,,FALSE
2261f422-db5f-4430-b1c5-2ce8cf498114,a8cfa427-9576-4cd9-b538-89c137818f42,2026-07-30T21:49:15-07:00,2026-07-30T21:49:25-07:00,animal,animal,,,,,,,Animal,Animal,1,,,,,FALSE
58975f40-f71e-4c60-9420-e68b0d2c7688,25446dba-7e72-4966-852e-135bc43ca60b,2026-07-30T22:32:41-07:00,2026-07-30T22:32:51-07:00,animal,animal,,,,,,,Animal,Animal,1,,,,,FALSE
e265c5d2-c08e-4c64-9532-b50909de9609,a8cfa427-9576-4cd9-b538-89c137818f42,2026-07-31T03:35:58-07:00,2026-07-31T03:37:10-07:00,animal,animal,,,,,,,Animal,Animal,2,,,,,FALSE
568b56f4-2ac7-4d2c-be20-d70d840786fc,a8cfa427-9576-4cd9-b538-89c137818f42,2026-07-31T05:16:47-07:00,2026-07-31T05:16:57-07:00,animal,animal,,,,,,,Animal,Animal,1,,,,,FALSE
556c1bb2-8e4b-4bd7-a9da-bfe2235c829b,a8cfa427-9576-4cd9-b538-89c137818f42,2026-07-31T05:41:08-07:00,2026-07-31T05:41:18-07:00,animal,animal,,,,,,,Animal,Animal,1,,,,,FALSE
d2644306-590e-468d-bd8e-d7269e0a7c89,188f1a8d-9ebb-4f84-a33c-06a92c469785,2026-07-31T07:23:26-07:00,2026-07-31T07:23:36-07:00,animal,animal,,,,,,,Animal,Animal,1,,,,,FALSE
6ea0524e-2c20-4a9e-8d66-7efba270d1ee,a8cfa427-9576-4cd9-b538-89c137818f42,2026-07-31T07:25:32-07:00,2026-07-31T07:25:42-07:00,animal,animal,,,,,,,Animal,Animal,1,,,,,FALSE
d6f173d7-483d-4de8-9975-3775ffb81f6e,a8cfa427-9576-4cd9-b538-89c137818f42,2026-07-31T07:34:19-07:00,2026-07-31T07:35:29-07:00,animal,animal,,,,,,,Animal,Animal,1,,,,,FALSE
e747c057-364f-4430-8d1f-9e7d47c4db28,25446dba-7e72-4966-852e-135bc43ca60b,2026-07-31T07:57:30-07:00,2026-07-31T07:57:40-07:00,animal,animal,,,,,,,Animal,Animal,1,,,,,FALSE
ca877c18-1623-43e1-9eb9-c764315106a6,a8cfa427-9576-4cd9-b538-89c137818f42,2026-07-31T08:52:11-07:00,2026-07-31T08:52:44-07:00,animal,animal,,,,,,,Animal,Animal,2,,,,,FALSE
002e84bc-2a99-4664-8b14-a774aacfd126,a8cfa427-9576-4cd9-b538-89c137818f42,2026-07-31T09:15:20-07:00,2026-07-31T09:15:30-07:00,animal,animal,,,,,,,Animal,Animal,1,,,,,FALSE
4db27287-1047-419f-9a6f-1c4d41d61eca,a8cfa427-9576-4cd9-b538-89c137818f42,2026-07-31T09:42:09-07:00,2026-07-31T09:43:16-07:00,animal,animal,,,,,,,Animal,Animal,1,,,,,FALSE
b64948ee-54cd-4504-adfa-61cb26647d33,a8cfa427-9576-4cd9-b538-89c137818f42,2026-07-31T09:47:25-07:00,2026-07-31T09:47:35-07:00,animal,animal,,,,,,,Animal,Animal,1,,,,,FALSE
8abf384a-5b8f-4186-96cc-e8ae2bdbfc38,25446dba-7e72-4966-852e-135bc43ca60b,2026-07-31T09:51:18-07:00,2026-07-31T09:51:28-07:00,animal,animal,,,,,,,Animal,Animal,1,,,,,FALSE
0200d715-0a36-4873-ad38-7bd0e60f3b82,25446dba-7e72-4966-852e-135bc43ca60b,2026-07-31T09:54:21-07:00,2026-07-31T09:54:31-07:00,animal,animal,,,,,,,Animal,Animal,2,,,,,FALSE
b47351fd-9b6e-47e4-8f4a-f5044bfaf195,a8cfa427-9576-4cd9-b538-89c137818f42,2026-07-31T10:04:36-07:00,2026-07-31T10:04:46-07:00,animal,animal,,,,,,,Animal,Animal,1,,,,,FALSE
b91c5d7f-d8f5-4c5d-8c74-14509032c2a2,a8cfa427-9576-4cd9-b538-89c137818f42,2026-07-31T10:11:43-07:00,2026-07-31T10:11:53-07:00,animal,animal,,,,,,,Animal,Animal,1,,,,,FALSE
153cadce-5f08-482a-b3c4-44a6d55b1e99,25446dba-7e72-4966-852e-135bc43ca60b,2026-07-31T10:17:04-07:00,2026-07-31T10:17:14-07:00,animal,animal,,,,,,,Animal,Animal,1,,,,,FALSE
744af69a-13ea-42e9-aef0-21c9b37435e1,a8cfa427-9576-4cd9-b538-89c137818f42,2026-07-31T11:04:57-07:00,2026-07-31T11:05:07-07:00,animal,animal,,,,,,,Animal,Animal,1,,,,,FALSE
73695555-5e2e-40c3-839c-21968bb6c314,a8cfa427-9576-4cd9-b538-89c137818f42,2026-07-31T11:14:50-07:00,2026-07-31T11:15:00-07:00,animal,animal,,,,,,,Animal,Animal,1,,,,,FALSE
5ed8b28a-02e3-4ca7-b7ca-d65916c4c067,25446dba-7e72-4966-852e-135bc43ca60b,2026-07-31T11:17:58-07:00,2026-07-31T11:18:08-07:00,animal,animal,,,,,,,Animal,Animal,1,,,,,FALSE
4c8ab6d1-a303-4a29-beb8-5ee1e0218400,25446dba-7e72-4966-852e-135bc43ca60b,2026-07-31T11:28:52-07:00,2026-07-31T11:29:02-07:00,animal,animal,,,,,,,Animal,Animal,1,,,,,FALSE
2443bc97-7186-49ca-9e8f-c864b06f6113,a8cfa427-9576-4cd9-b538-89c137818f42,2026-07-31T12:11:32-07:00,2026-07-31T12:12:06-07:00,animal,animal,,,,,,,Animal,Animal,1,,,,,FALSE
49e3f95d-a49f-474c-8799-8ecbfdae0ab1,a8cfa427-9576-4cd9-b538-89c137818f42,2026-07-31T12:50:20-07:00,2026-07-31T12:50:30-07:00,animal,animal,,,,,,,Animal,Animal,1,,,,,FALSE
584f2d63-ce7c-45dd-a83d-28fef5ef4f87,a8cfa427-9576-4cd9-b538-89c137818f42,2026-07-31T13:14:28-07:00,2026-07-31T13:14:38-07:00,animal,animal,,,,,,,Animal,Animal,1,,,,,FALSE
3929e615-6d35-45ee-9e73-5f3a57c0515b,a8cfa427-9576-4cd9-b538-89c137818f42,2026-07-31T13:33:00-07:00,2026-07-31T13:33:10-07:00,animal,animal,,,,,,,Animal,Animal,1,,,,,FALSE
ee94fc4d-1150-45c6-860a-ef84aee0a5db,a8cfa427-9576-4cd9-b538-89c137818f42,2026-07-31T14:57:23-07:00,2026-07-31T14:57:33-07:00,animal,animal,,,,,,,Animal,Animal,1,,,,,FALSE
a445bfb5-1b52-428d-ad26-e4cad082f3a2,a8cfa427-9576-4cd9-b538-89c137818f42,2026-07-31T15:32:00-07:00,2026-07-31T15:32:10-07:00,animal,animal,,,,,,,Animal,Animal,2,,,,,FALSE
0948c0f0-692b-4447-886c-c42ca81df40e,a8cfa427-9576-4cd9-b538-89c137818f42,2026-07-31T15:36:31-07:00,2026-07-31T15:37:08-07:00,animal,animal,,,,,,,Animal,Animal,1,,,,,FALSE
5c874fcf-5540-4302-bec7-d3c103b43710,25446dba-7e72-4966-852e-135bc43ca60b,2026-07-31T15:41:14-07:00,2026-07-31T15:41:24-07:00,animal,animal,,,,,,,Animal,Animal,1,,,,,FALSE
00ac6d1a-78b2-4c19-acc9-d886e98cf6d5,a8cfa427-9576-4cd9-b538-89c137818f42,2026-07-31T16:22:08-07:00,2026-07-31T16:23:37-07:00,animal,animal,,,,,,,Animal,Animal,1,,,,,FALSE
0e1b43bc-17ad-4cce-b196-29989d012c07,a8cfa427-9576-4cd9-b538-89c137818f42,2026-07-31T16:27:53-07:00,2026-07-31T16:28:03-07:00,animal,animal,,,,,,,Animal,Animal,1,,,,,FALSE
246a83e9-d308-48c0-9202-efb15d206062,a8cfa427-9576-4cd9-b538-89c137818f42,2026-07-31T16:33:16-07:00,2026-07-31T16:33:26-07:00,animal,animal,,,,,,,Animal,Animal,1,,,,,FALSE
44e7da6c-ff64-4a50-be2c-fcf1d4525814,a8cfa427-9576-4cd9-b538-89c137818f42,2026-07-31T16:36:31-07:00,2026-07-31T16:36:41-07:00,animal,animal,,,,,,,Animal,Animal,1,,,,,FALSE
457a24ea-b19b-449e-ad34-7ee7efe7e97e,25446dba-7e72-4966-852e-135bc43ca60b,2026-07-31T16:46:47-07:00,2026-07-31T16:46:57-07:00,animal,animal,,,,,,,Animal,Animal,1,,,,,FALSE
d34be811-eb28-45a2-a90d-2167bf26c136,25446dba-7e72-4966-852e-135bc43ca60b,2026-07-31T16:50:44-07:00,2026-07-31T16:50:54-07:00,animal,animal,,,,,,,Animal,Animal,1,,,,,FALSE
a9a48ea6-0568-472c-b29d-e01aee92e315,a8cfa427-9576-4cd9-b538-89c137818f42,2026-07-31T17:17:40-07:00,2026-07-31T17:17:50-07:00,animal,animal,,,,,,,Animal,Animal,1,,,,,FALSE
77ea1200-7488-43d9-b950-70d72e165a09,25446dba-7e72-4966-852e-135bc43ca60b,2026-07-31T17:44:21-07:00,2026-07-31T17:44:31-07:00,animal,animal,,,,,,,Animal,Animal,1,,,,,FALSE
a24b596f-3bd0-49be-a0a6-5dfc47c56c22,a8cfa427-9576-4cd9-b538-89c137818f42,2026-07-31T17:49:23-07:00,2026-07-31T17:49:33-07:00,animal,animal,,,,,,,Animal,Animal,1,,,,,FALSE
efe0d50f-4378-4132-980b-37ff13dedb95,a8cfa427-9576-4cd9-b538-89c137818f42,2026-07-31T17:57:39-07:00,2026-07-31T17:57:49-07:00,animal,animal,,,,,,,Animal,Animal,1,,,,,FALSE
05a04313-785a-461d-8b1f-91092b3642a7,a8cfa427-9576-4cd9-b538-89c137818f42,2026-07-31T18:06:15-07:00,2026-07-31T18:09:32-07:00,animal,animal,,,,,,,Animal,Animal,1,,,,,FALSE
ed5754ed-d315-49d7-9f13-a751e68a7c3e,a8cfa427-9576-4cd9-b538-89c137818f42,2026-07-31T18:13:08-07:00,2026-07-31T18:13:18-07:00,animal,animal,,,,,,,Animal,Animal,1,,,,,FALSE
7688051b-88c3-4520-827f-d9d25cbce5f4,25446dba-7e72-4966-852e-135bc43ca60b,2026-07-31T18:21:07-07:00,2026-07-31T18:22:36-07:00,animal,animal,,,,,,,Animal,Animal,1,,,,,FALSE
ef4823c4-ed73-4b9d-b729-fcb6823c9df1,25446dba-7e72-4966-852e-135bc43ca60b,2026-07-31T18:33:13-07:00,2026-07-31T18:33:23-07:00,animal,animal,,,,,,,Animal,Animal,1,,,,,FALSE
ca61e1e4-c57f-42a4-9ad5-66e2fddce61f,a8cfa427-9576-4cd9-b538-89c137818f42,2026-07-31T18:50:35-07:00,2026-07-31T18:55:46-07:00,animal,animal,,,,,,,Animal,Animal,1,,,,,FALSE
3f9ab460-9d96-4c95-bce0-3780c6176f0e,a8cfa427-9576-4cd9-b538-89c137818f42,2026-07-31T19:11:58-07:00,2026-07-31T19:12:08-07:00,animal,animal,,,,,,,Animal,Animal,1,,,,,FALSE
a59c41b6-279e-4e63-89dd-ff9fb1ede08e,a8cfa427-9576-4cd9-b538-89c137818f42,2026-07-31T19:19:30-07:00,2026-07-31T19:19:40-07:00,animal,animal,,,,,,,Animal,Animal,1,,,,,FALSE
30829f51-aac9-42e6-9df1-b421bb80361a,a8cfa427-9576-4cd9-b538-89c137818f42,2026-07-31T19:23:52-07:00,2026-07-31T19:24:02-07:00,animal,animal,,,,,,,Animal,Animal,1,,,,,FALSE
d39be048-797a-4d5f-bec7-6a2e7d8df2f8,a8cfa427-9576-4cd9-b538-89c137818f42,2026-07-31T19:52:31-07:00,2026-07-31T19:53:05-07:00,animal,animal,,,,,,,Animal,Animal,1,,,,,FALSE
9aa5a937-fcea-4d27-b1f0-7839795f373c,a8cfa427-9576-4cd9-b538-89c137818f42,2026-07-31T19:57:49-07:00,2026-07-31T19:57:59-07:00,animal,animal,,,,,,,Animal,Animal,1,,,,,FALSE
caf565fa-ef2c-410b-9fa2-72d914b57139,a8cfa427-9576-4cd9-b538-89c137818f42,2026-07-31T20:00:00-07:00,2026-07-31T20:01:55-07:00,animal,animal,,,,,,,Animal,Animal,1,,,,,FALSE
14cdf335-67a8-453f-8d06-d291e8aa2a8b,a8cfa427-9576-4cd9-b538-89c137818f42,2026-07-31T20:10:40-07:00,2026-07-31T20:10:50-07:00,animal,animal,,,,,,,Animal,Animal,1,,,,,FALSE
014eb5f3-564c-4721-8e2f-3f0563b6b056,a8cfa427-9576-4cd9-b538-89c137818f42,2026-07-31T20:13:32-07:00,2026-07-31T20:14:05-07:00,animal,animal,,,,,,,Animal,Animal,1,,,,,FALSE
748364b4-fe09-4045-9f50-bb0e1014370f,a8cfa427-9576-4cd9-b538-89c137818f42,2026-07-31T21:16:15-07:00,2026-07-31T21:16:25-07:00,animal,animal,,,,,,,Animal,Animal,1,,,,,FALSE
136fceb6-265b-44d5-9b54-2a31dc4754fb,a8cfa427-9576-4cd9-b538-89c137818f42,2026-07-31T21:26:34-07:00,2026-07-31T21:26:44-07:00,animal,animal,,,,,,,Animal,Animal,1,,,,,FALSE
a3ce1a61-f672-432b-8e78-713e66a7c619,25446dba-7e72-4966-852e-135bc43ca60b,2026-07-31T21:42:51-07:00,2026-07-31T21:44:40-07:00,animal,animal,,,,,,,Animal,Animal,1,,,,,FALSE
0b2efb4b-6740-4613-8305-ac6ec997d89c,a8cfa427-9576-4cd9-b538-89c137818f42,2026-08-01T01:52:33-07:00,2026-08-01T01:52:43-07:00,animal,animal,,,,,,,Animal,Animal,1,,,,,FALSE
71d47010-f034-448b-9dc7-6c15ef9c1b95,25446dba-7e72-4966-852e-135bc43ca60b,2026-08-01T01:53:46-07:00,2026-08-01T01:53:56-07:00,animal,animal,,,,,,,Animal,Animal,1,,,,,FALSE
b7035985-640c-410a-8f4c-bbb3e606281b,a8cfa427-9576-4cd9-b538-89c137818f42,2026-08-01T04:45:35-07:00,2026-08-01T04:45:45-07:00,animal,animal,,,,,,,Animal,Animal,1,,,,,FALSE
a64a5bb2-eff4-497f-b76d-8b877112edd0,a8cfa427-9576-4cd9-b538-89c137818f42,2026-08-01T05:10:20-07:00,2026-08-01T05:10:30-07:00,animal,animal,,,,,,,Animal,Animal,1,,,,,FALSE
610ba5b4-8989-4019-8026-37695808d646,25446dba-7e72-4966-852e-135bc43ca60b,2026-08-01T05:18:59-07:00,2026-08-01T05:19:09-07:00,animal,animal,,,,,,,Animal,Animal,2,,,,,FALSE
6675b9c9-d60e-42f4-b208-780e18298c60,25446dba-7e72-4966-852e-135bc43ca60b,2026-08-01T05:21:26-07:00,2026-08-01T05:22:20-07:00,animal,animal,,,,,,,Animal,Animal,2,,,,,FALSE
8d3014a7-f91d-4788-9111-e7a653d16b4a,a8cfa427-9576-4cd9-b538-89c137818f42,2026-08-01T05:41:08-07:00,2026-08-01T05:41:18-07:00,animal,animal,,,,,,,Animal,Animal,1,,,,,FALSE
cd9116c4-2282-41fd-99fe-7e3eed838fc9,a8cfa427-9576-4cd9-b538-89c137818f42,2026-08-01T05:46:37-07:00,2026-08-01T05:46:47-07:00,animal,animal,,,,,,,Animal,Animal,1,,,,,FALSE
1abe7c66-2bc7-4508-8e4b-0b98d48c9c6d,a8cfa427-9576-4cd9-b538-89c137818f42,2026-08-01T06:18:12-07:00,2026-08-01T06:18:22-07:00,animal,animal,,,,,,,Animal,Animal,1,,,,,FALSE
ca6040ec-d436-444a-90c8-11a06a2c183d,a8cfa427-9576-4cd9-b538-89c137818f42,2026-08-01T06:39:34-07:00,2026-08-01T06:39:44-07:00,animal,animal,,,,,,,Animal,Animal,1,,,,,FALSE
9e7f475d-701a-4796-b3d9-c095825ba39b,25446dba-7e72-4966-852e-135bc43ca60b,2026-08-01T08:14:55-07:00,2026-08-01T08:15:05-07:00,animal,animal,,,,,,,Animal,Animal,1,,,,,FALSE
d20b9e4d-e675-4cce-94cd-6a799acd57d0,a8cfa427-9576-4cd9-b538-89c137818f42,2026-08-01T08:45:50-07:00,2026-08-01T08:46:00-07:00,animal,animal,,,,,,,Animal,Animal,1,,,,,FALSE
6878b914-30cc-40e1-a86b-c34987e3afe0,a8cfa427-9576-4cd9-b538-89c137818f42,2026-08-01T09:30:27-07:00,2026-08-01T09:30:37-07:00,animal,animal,,,,,,,Animal,Animal,1,,,,,FALSE
c6d2a729-b4ed-4233-9b4f-4903fb6549c8,a8cfa427-9576-4cd9-b538-89c137818f42,2026-08-01T09:51:34-07:00,2026-08-01T09:51:44-07:00,animal,animal,,,,,,,Animal,Animal,1,,,,,FALSE
ef2d37e7-de45-4cd0-9f4a-21584cb497e2,a8cfa427-9576-4cd9-b538-89c137818f42,2026-08-01T09:53:56-07:00,2026-08-01T09:54:06-07:00,animal,animal,,,,,,,Animal,Animal,1,,,,,FALSE
ad6e271c-f503-40d4-971e-aeb9e8aa3d88,a8cfa427-9576-4cd9-b538-89c137818f42,2026-08-01T10:08:17-07:00,2026-08-01T10:08:27-07:00,animal,animal,,,,,,,Animal,Animal,1,,,,,FALSE
cfb254a4-ccad-4bc3-9529-200bd8264e28,25446dba-7e72-4966-852e-135bc43ca60b,2026-08-01T10:29:37-07:00,2026-08-01T10:29:47-07:00,animal,animal,,,,,,,Animal,Animal,2,,,,,FALSE
8a0d5adb-73a0-4498-a758-14bde4ef4a28,25446dba-7e72-4966-852e-135bc43ca60b,2026-08-01T10:41:27-07:00,2026-08-01T10:42:57-07:00,animal,animal,,,,,,,Animal,Animal,1,,,,,FALSE
85e72f1d-4149-40e9-879c-80ec22a74985,25446dba-7e72-4966-852e-135bc43ca60b,2026-08-01T10:48:14-07:00,2026-08-01T10:49:50-07:00,animal,animal,,,,,,,Animal,Animal,1,,,,,FALSE
d374a6da-c655-4bea-8299-08a5186d3843,a8cfa427-9576-4cd9-b538-89c137818f42,2026-08-01T10:59:39-07:00,2026-08-01T11:00:00-07:00,animal,animal,,,,,,,Animal,Animal,1,,,,,FALSE
c9ce25e1-4b03-4e4e-adea-af400606c9cb,25446dba-7e72-4966-852e-135bc43ca60b,2026-08-01T11:05:54-07:00,2026-08-01T11:06:04-07:00,animal,animal,,,,,,,Animal,Animal,1,,,,,FALSE
9d925c0e-b474-48f9-9631-579bc36a95f3,25446dba-7e72-4966-852e-135bc43ca60b,2026-08-01T12:10:46-07:00,2026-08-01T12:10:56-07:00,animal,animal,,,,,,,Animal,Animal,1,,,,,FALSE
44acc6c9-a1f0-4032-9b87-70fc1b1adc83,a8cfa427-9576-4cd9-b538-89c137818f42,2026-08-01T12:51:31-07:00,2026-08-01T12:52:14-07:00,animal,animal,,,,,,,Animal,Animal,1,,,,,FALSE
35d96577-fe42-4f3a-9132-1ad84f6d07b8,a8cfa427-9576-4cd9-b538-89c137818f42,2026-08-01T13:00:00-07:00,2026-08-01T13:00:16-07:00,animal,animal,,,,,,,Animal,Animal,1,,,,,FALSE
5e22dc23-f527-49ca-9a2f-f4878a82f0e0,25446dba-7e72-4966-852e-135bc43ca60b,2026-08-01T13:06:48-07:00,2026-08-01T13:08:52-07:00,animal,animal,,,,,,,Animal,Animal,1,,,,,FALSE
1bf4e9d3-49e2-4f49-892d-48dd1e8d4a8d,a8cfa427-9576-4cd9-b538-89c137818f42,2026-08-01T13:37:10-07:00,2026-08-01T13:37:20-07:00,animal,animal,,,,,,,Animal,Animal,1,,,,,FALSE
955d7ec7-b18c-4898-94c7-db11d18953aa,a8cfa427-9576-4cd9-b538-89c137818f42,2026-08-01T14:38:00-07:00,2026-08-01T14:38:10-07:00,animal,animal,,,,,,,Animal,Animal,1,,,,,FALSE
306045df-2945-4946-a6ef-80fd8264aad3,25446dba-7e72-4966-852e-135bc43ca60b,2026-08-01T15:09:57-07:00,2026-08-01T15:10:07-07:00,animal,animal,,,,,,,Animal,Animal,1,,,,,FALSE
cf1e31bd-afd4-471b-a267-10bd84245b27,a8cfa427-9576-4cd9-b538-89c137818f42,2026-08-01T16:39:14-07:00,2026-08-01T16:39:24-07:00,animal,animal,,,,,,,Animal,Animal,1,,,,,FALSE
8bc451eb-ce0f-405e-9cbc-295c6cd3fc88,a8cfa427-9576-4cd9-b538-89c137818f42,2026-08-01T16:44:32-07:00,2026-08-01T16:46:01-07:00,animal,animal,,,,,,,Animal,Animal,2,,,,,FALSE
52f9b0bd-4f90-4958-9939-6e13442368ef,a8cfa427-9576-4cd9-b538-89c137818f42,2026-08-01T17:07:01-07:00,2026-08-01T17:07:11-07:00,animal,animal,,,,,,,Animal,Animal,1,,,,,FALSE
77f4d7b7-9201-4b45-863f-94384d9efa8b,25446dba-7e72-4966-852e-135bc43ca60b,2026-08-01T17:30:25-07:00,2026-08-01T17:30:35-07:00,animal,animal,,,,,,,Animal,Animal,1,,,,,FALSE
3558fdfd-7651-4dc5-9e67-d999b1f4b1e4,a8cfa427-9576-4cd9-b538-89c137818f42,2026-08-01T17:34:55-07:00,2026-08-01T17:35:05-07:00,animal,animal,,,,,,,Animal,Animal,1,,,,,FALSE
d0059163-944f-4349-b089-209d0974307a,a8cfa427-9576-4cd9-b538-89c137818f42,2026-08-01T17:38:24-07:00,2026-08-01T17:38:34-07:00,animal,animal,,,,,,,Animal,Animal,1,,,,,FALSE
626a8e2f-610e-4d9c-ba42-84b165823900,25446dba-7e72-4966-852e-135bc43ca60b,2026-08-01T18:53:40-07:00,2026-08-01T18:54:15-07:00,animal,animal,,,,,,,Animal,Animal,1,,,,,FALSE
e0861b14-ba02-4781-af04-7497cebfadbc,25446dba-7e72-4966-852e-135bc43ca60b,2026-08-01T19:22:35-07:00,2026-08-01T19:22:45-07:00,animal,animal,,,,,,,Animal,Animal,1,,,,,FALSE
3777e964-3507-4da2-bea8-5a3fed6608af,25446dba-7e72-4966-852e-135bc43ca60b,2026-08-01T19:35:18-07:00,2026-08-01T19:35:28-07:00,animal,animal,,,,,,,Animal,Animal,1,,,,,FALSE
c85cb98d-7e99-4028-80ed-fcebe4ed234c,25446dba-7e72-4966-852e-135bc43ca60b,2026-08-01T20:06:54-07:00,2026-08-01T20:07:04-07:00,animal,animal,,,,,,,Animal,Animal,1,,,,,FALSE
8b3bfed5-03d9-4d52-8eb3-d45ea097d7bb,25446dba-7e72-4966-852e-135bc43ca60b,2026-08-01T20:09:14-07:00,2026-08-01T20:09:24-07:00,animal,animal,,,,,,,Animal,Animal,1,,,,,FALSE
b6557026-5ff6-43af-b1fc-4e2d57829dc0,a8cfa427-9576-4cd9-b538-89c137818f42,2026-08-01T20:26:34-07:00,2026-08-01T20:27:42-07:00,animal,animal,,,,,,,Animal,Animal,1,,,,,FALSE
e09dfd02-66b3-40a5-9d45-e25f1d642d80,25446dba-7e72-4966-852e-135bc43ca60b,2026-08-01T21:03:17-07:00,2026-08-01T21:05:18-07:00,animal,animal,,,,,,,Animal,Animal,1,,,,,FALSE
d88fd8c4-4c54-4a28-8136-fe8a930bcb5f,25446dba-7e72-4966-852e-135bc43ca60b,2026-08-01T21:38:25-07:00,2026-08-01T21:38:35-07:00,animal,animal,,,,,,,Animal,Animal,1,,,,,FALSE
12cff0ee-7603-4176-90b1-f4f8c3eabe7b,a8cfa427-9576-4cd9-b538-89c137818f42,2026-08-02T00:04:49-07:00,2026-08-02T00:04:59-07:00,animal,animal,,,,,,,Animal,Animal,1,,,,,FALSE
3bb1b6e5-df85-42ce-90c4-e118874754fb,a8cfa427-9576-4cd9-b538-89c137818f42,2026-08-02T02:55:41-07:00,2026-08-02T02:56:34-07:00,animal,animal,,,,,,,Animal,Animal,1,,,,,FALSE
66b94780-c3f0-44a1-9b2e-ac7c6c7f4d21,a8cfa427-9576-4cd9-b538-89c137818f42,2026-08-02T04:11:10-07:00,2026-08-02T04:11:20-07:00,animal,animal,,,,,,,Animal,Animal,1,,,,,FALSE
9203afca-7bea-489f-bc4c-b042b6eb5a5c,a8cfa427-9576-4cd9-b538-89c137818f42,2026-08-02T04:39:29-07:00,2026-08-02T04:39:39-07:00,animal,animal,,,,,,,Animal,Animal,2,,,,,FALSE
33ffc7a2-2094-4019-ac95-941042c55b31,25446dba-7e72-4966-852e-135bc43ca60b,2026-08-02T04:49:28-07:00,2026-08-02T04:50:22-07:00,animal,animal,,,,,,,Animal,Animal,1,,,,,FALSE
4f628304-087f-4612-8a90-75869f61fa7a,a8cfa427-9576-4cd9-b538-89c137818f42,2026-08-02T05:09:56-07:00,2026-08-02T05:10:06-07:00,animal,animal,,,,,,,Animal,Animal,1,,,,,FALSE
2dcb8f61-4bb1-4428-962b-f1417fbc1d01,a8cfa427-9576-4cd9-b538-89c137818f42,2026-08-02T05:52:19-07:00,2026-08-02T05:52:29-07:00,animal,animal,,,,,,,Animal,Animal,1,,,,,FALSE
d3889f85-c602-40f7-b272-9ccfd8516263,25446dba-7e72-4966-852e-135bc43ca60b,2026-08-02T06:02:20-07:00,2026-08-02T06:02:30-07:00,animal,animal,,,,,,,Animal,Animal,2,,,,,FALSE
50bca2a0-01b3-4559-8582-cd9ce013dbaa,a8cfa427-9576-4cd9-b538-89c137818f42,2026-08-02T06:03:40-07:00,2026-08-02T06:03:50-07:00,animal,Bird,,,,,,,Bird,Bird,1,,,,,FALSE
cce737e6-9285-45b2-be90-74cb91ed1c46,25446dba-7e72-4966-852e-135bc43ca60b,2026-08-02T06:04:37-07:00,2026-08-02T06:04:47-07:00,animal,animal,,,,,,,Animal,Animal,2,,,,,FALSE
b5b46e3f-3061-49fa-94b1-02a7d00c53e1,a8cfa427-9576-4cd9-b538-89c137818f42,2026-08-02T06:29:26-07:00,2026-08-02T06:29:36-07:00,animal,animal,,,,,,,Animal,Animal,1,,,,,FALSE
5ad4bd06-4689-48d7-aa52-0d63ba4b9a39,a8cfa427-9576-4cd9-b538-89c137818f42,2026-08-02T06:32:27-07:00,2026-08-02T06:32:37-07:00,animal,animal,,,,,,,Animal,Animal,1,,,,,FALSE
80f9ebcf-bce3-4b54-b182-baecad8363f6,25446dba-7e72-4966-852e-135bc43ca60b,2026-08-02T06:45:50-07:00,2026-08-02T06:46:00-07:00,animal,animal,,,,,,,Animal,Animal,1,,,,,FALSE
484b2297-7391-4a26-81ec-43f02248442d,a8cfa427-9576-4cd9-b538-89c137818f42,2026-08-02T06:48:45-07:00,2026-08-02T06:48:55-07:00,animal,animal,,,,,,,Animal,Animal,1,,,,,FALSE
90858568-3427-4410-9dd3-94d7f8df8464,a8cfa427-9576-4cd9-b538-89c137818f42,2026-08-02T06:52:41-07:00,2026-08-02T06:52:51-07:00,animal,animal,,,,,,,Animal,Animal,1,,,,,FALSE
636fa9f9-cc6d-4185-8782-5b685f115801,a8cfa427-9576-4cd9-b538-89c137818f42,2026-08-02T07:40:31-07:00,2026-08-02T07:40:41-07:00,animal,animal,,,,,,,Animal,Animal,1,,,,,FALSE
0cb8a321-2999-494c-9c38-a33ee977f483,25446dba-7e72-4966-852e-135bc43ca60b,2026-08-02T07:41:17-07:00,2026-08-02T07:41:27-07:00,animal,animal,,,,,,,Animal,Animal,1,,,,,FALSE
a9561e50-72cb-4aec-a4ea-d825860762fd,a8cfa427-9576-4cd9-b538-89c137818f42,2026-08-02T08:09:56-07:00,2026-08-02T08:10:06-07:00,animal,animal,,,,,,,Animal,Animal,1,,,,,FALSE
29afe993-2a02-4ffc-aa8e-31d00aed5e0d,a8cfa427-9576-4cd9-b538-89c137818f42,2026-08-02T08:13:50-07:00,2026-08-02T08:14:00-07:00,animal,animal,,,,,,,Animal,Animal,1,,,,,FALSE
47978b7c-17b6-4b0e-afba-64ce44b6d858,25446dba-7e72-4966-852e-135bc43ca60b,2026-08-02T08:25:54-07:00,2026-08-02T08:26:04-07:00,animal,animal,,,,,,,Animal,Animal,1,,,,,FALSE
c54fe5b7-505a-4e24-8556-f8484de69746,25446dba-7e72-4966-852e-135bc43ca60b,2026-08-02T09:37:21-07:00,2026-08-02T09:37:31-07:00,animal,animal,,,,,,,Animal,Animal,1,,,,,FALSE
5407a6a3-d029-4369-97ca-edc07acea581,25446dba-7e72-4966-852e-135bc43ca60b,2026-08-02T09:57:58-07:00,2026-08-02T10:00:00-07:00,animal,animal,,,,,,,Animal,Animal,1,,,,,FALSE
d2c2f375-03a0-410f-8f48-c1fdce23fe94,25446dba-7e72-4966-852e-135bc43ca60b,2026-08-02T10:47:41-07:00,2026-08-02T10:47:51-07:00,animal,animal,,,,,,,Animal,Animal,1,,,,,FALSE
e6e1da54-912f-4e23-af45-7a3b70957957,a8cfa427-9576-4cd9-b538-89c137818f42,2026-08-02T10:55:43-07:00,2026-08-02T10:55:53-07:00,animal,animal,,,,,,,Animal,Animal,2,,,,,FALSE
824e8f62-ebe4-45d7-baf3-9073b25f76a8,25446dba-7e72-4966-852e-135bc43ca60b,2026-08-02T12:10:43-07:00,2026-08-02T12:10:53-07:00,animal,Ptarmigan,,,,,,,Ptarmigan,Ptarmigan,1,,,,,FALSE
5d0f6202-e462-477f-9c89-cc392dd20844,a8cfa427-9576-4cd9-b538-89c137818f42,2026-08-02T12:30:03-07:00,2026-08-02T12:30:37-07:00,animal,animal,,,,,,,Animal,Animal,1,,,,,FALSE
32c35b9d-594e-465f-ac22-0791c33d57c5,a8cfa427-9576-4cd9-b538-89c137818f42,2026-08-02T13:46:44-07:00,2026-08-02T13:46:54-07:00,animal,animal,,,,,,,Animal,Animal,1,,,,,FALSE
e4753670-b0f3-4a49-8690-b069b5a82eb4,25446dba-7e72-4966-852e-135bc43ca60b,2026-08-02T14:22:07-07:00,2026-08-02T14:22:17-07:00,animal,animal,,,,,,,Animal,Animal,1,,,,,FALSE
8234fa41-24be-4211-bba1-b964abfdc3be,a8cfa427-9576-4cd9-b538-89c137818f42,2026-08-02T15:16:46-07:00,2026-08-02T15:18:01-07:00,animal,animal,,,,,,,Animal,Animal,1,,,,,FALSE
27e1f089-7098-4b1f-b534-6ac4d6514074,a8cfa427-9576-4cd9-b538-89c137818f42,2026-08-02T16:00:00-07:00,2026-08-02T16:01:55-07:00,animal,animal,,,,,,,Animal,Animal,1,,,,,FALSE
4ef24b3c-4c31-487e-921f-fc3137b1861b,a8cfa427-9576-4cd9-b538-89c137818f42,2026-08-02T16:58:03-07:00,2026-08-02T17:00:00-07:00,animal,animal,,,,,,,Animal,Animal,2,,,,,FALSE
4b3e406c-d393-45c2-b434-942feeb1674d,a8cfa427-9576-4cd9-b538-89c137818f42,2026-08-02T17:02:13-07:00,2026-08-02T17:02:23-07:00,animal,animal,,,,,,,Animal,Animal,1,,,,,FALSE
70aac922-0328-4472-a8a6-2f6c3fa6b198,25446dba-7e72-4966-852e-135bc43ca60b,2026-08-02T18:19:19-07:00,2026-08-02T18:19:29-07:00,animal,animal,,,,,,,Animal,Animal,1,,,,,FALSE
a52318fc-f125-4cda-a7f2-558c82648ecb,a8cfa427-9576-4cd9-b538-89c137818f42,2026-08-02T19:56:29-07:00,2026-08-02T19:56:39-07:00,animal,animal,,,,,,,Animal,Animal,1,,,,,FALSE
d7a0f9c3-0e35-4274-8f0b-cb034f1941b3,a8cfa427-9576-4cd9-b538-89c137818f42,2026-08-02T20:00:00-07:00,2026-08-02T20:00:13-07:00,animal,animal,,,,,,,Animal,Animal,1,,,,,FALSE
c9cd82bc-dfaa-4405-b570-72fd59d4d5df,25446dba-7e72-4966-852e-135bc43ca60b,2026-08-02T20:08:04-07:00,2026-08-02T20:08:14-07:00,animal,animal,,,,,,,Animal,Animal,1,,,,,FALSE
2879ebb6-4429-41ce-9c0b-9a592bf37a91,a8cfa427-9576-4cd9-b538-89c137818f42,2026-08-02T20:54:14-07:00,2026-08-02T20:54:24-07:00,animal,animal,,,,,,,Animal,Animal,1,,,,,FALSE
0ca0442a-7213-440c-b3be-8985469d37d1,25446dba-7e72-4966-852e-135bc43ca60b,2026-08-02T21:25:41-07:00,2026-08-02T21:25:51-07:00,animal,animal,,,,,,,Animal,Animal,1,,,,,FALSE
cd175c87-97fd-4d69-91d0-d4bb23ea3f17,a8cfa427-9576-4cd9-b538-89c137818f42,2026-08-02T22:05:29-07:00,2026-08-02T22:05:39-07:00,animal,animal,,,,,,,Animal,Animal,1,,,,,FALSE
81096022-6f28-4e5b-86cb-4add85e40271,a8cfa427-9576-4cd9-b538-89c137818f42,2026-08-02T22:45:47-07:00,2026-08-02T22:45:57-07:00,animal,animal,,,,,,,Animal,Animal,1,,,,,FALSE
c1fc3df2-c7f0-4770-823c-5a37620542dd,25446dba-7e72-4966-852e-135bc43ca60b,2026-08-02T23:32:55-07:00,2026-08-02T23:34:48-07:00,animal,animal,,,,,,,Animal,Animal,2,,,,,FALSE
953cf9eb-41bb-443d-85ba-f35ff023b3e1,a8cfa427-9576-4cd9-b538-89c137818f42,2026-08-03T01:35:12-07:00,2026-08-03T01:35:45-07:00,animal,animal,,,,,,,Animal,Animal,2,,,,,FALSE
adfa071b-2a75-45ec-a018-455b1a89a500,25446dba-7e72-4966-852e-135bc43ca60b,2026-08-03T03:43:05-07:00,2026-08-03T03:43:15-07:00,animal,animal,,,,,,,Animal,Animal,1,,,,,FALSE
429fabd6-4300-4658-94ee-05c2d03e6ea2,25446dba-7e72-4966-852e-135bc43ca60b,2026-08-03T04:37:26-07:00,2026-08-03T04:37:36-07:00,animal,animal,,,,,,,Animal,Animal,2,,,,,FALSE
4a6b2184-428a-461a-83e2-c63b4878e4a2,25446dba-7e72-4966-852e-135bc43ca60b,2026-08-03T05:11:21-07:00,2026-08-03T05:11:31-07:00,animal,animal,,,,,,,Animal,Animal,1,,,,,FALSE
33b25ad0-b2c7-4976-964c-85235a18cceb,a8cfa427-9576-4cd9-b538-89c137818f42,2026-08-03T05:15:44-07:00,2026-08-03T05:15:54-07:00,animal,animal,,,,,,,Animal,Animal,1,,,,,FALSE
407f2655-d7d4-41cd-92fb-377a49559282,a8cfa427-9576-4cd9-b538-89c137818f42,2026-08-03T05:26:48-07:00,2026-08-03T05:26:58-07:00,animal,animal,,,,,,,Animal,Animal,1,,,,,FALSE
e4be3eec-2acf-4f9e-a9d2-f6f79bfceda6,a8cfa427-9576-4cd9-b538-89c137818f42,2026-08-03T05:31:09-07:00,2026-08-03T05:31:19-07:00,animal,animal,,,,,,,Animal,Animal,1,,,,,FALSE
a216fe96-5579-404f-8e97-775ce625c407,a8cfa427-9576-4cd9-b538-89c137818f42,2026-08-03T05:45:04-07:00,2026-08-03T05:45:14-07:00,animal,animal,,,,,,,Animal,Animal,1,,,,,FALSE
bd9b4b7c-1cf9-43f7-a795-8b853607fd9c,a8cfa427-9576-4cd9-b538-89c137818f42,2026-08-03T05:50:21-07:00,2026-08-03T05:50:31-07:00,animal,animal,,,,,,,Animal,Animal,1,,,,,FALSE
577e4fbf-0b95-4a3e-bc02-2d6b0c55b7d4,25446dba-7e72-4966-852e-135bc43ca60b,2026-08-03T06:04:01-07:00,2026-08-03T06:04:11-07:00,animal,animal,,,,,,,Animal,Animal,1,,,,,FALSE
7e5b2b45-80ab-401f-80a8-512a5d9d1496,25446dba-7e72-4966-852e-135bc43ca60b,2026-08-03T06:07:36-07:00,2026-08-03T06:07:46-07:00,animal,animal,,,,,,,Animal,Animal,1,,,,,FALSE
eb7a689a-98dd-4b6b-83f5-594a0e1f33b2,a8cfa427-9576-4cd9-b538-89c137818f42,2026-08-03T06:18:18-07:00,2026-08-03T06:18:28-07:00,animal,animal,,,,,,,Animal,Animal,1,,,,,FALSE
eff815d8-765f-4ea9-8cf8-14cc4e132bd9,25446dba-7e72-4966-852e-135bc43ca60b,2026-08-03T06:27:21-07:00,2026-08-03T06:27:31-07:00,animal,animal,,,,,,,Animal,Animal,1,,,,,FALSE
b032c61b-42f3-4bd6-8bc0-99bb9f4861f7,a8cfa427-9576-4cd9-b538-89c137818f42,2026-08-03T06:32:45-07:00,2026-08-03T06:32:55-07:00,animal,animal,,,,,,,Animal,Animal,1,,,,,FALSE
73cdd435-539a-473e-aa2a-d2827c021b30,a8cfa427-9576-4cd9-b538-89c137818f42,2026-08-03T06:42:44-07:00,2026-08-03T06:42:54-07:00,animal,animal,,,,,,,Animal,Animal,1,,,,,FALSE
e098bedc-a7f1-46b3-82f1-d0b4df48ae41,25446dba-7e72-4966-852e-135bc43ca60b,2026-08-03T06:53:23-07:00,2026-08-03T06:53:33-07:00,animal,animal,,,,,,,Animal,Animal,1,,,,,FALSE
f4409252-3162-4045-b3d6-6523ad1b28e0,25446dba-7e72-4966-852e-135bc43ca60b,2026-08-03T07:16:32-07:00,2026-08-03T07:16:42-07:00,animal,animal,,,,,,,Animal,Animal,1,,,,,FALSE
77257d1d-4af3-448f-8983-5771c01f62b3,a8cfa427-9576-4cd9-b538-89c137818f42,2026-08-03T07:21:43-07:00,2026-08-03T07:21:53-07:00,animal,animal,,,,,,,Animal,Animal,1,,,,,FALSE
0515f1e9-02d0-477d-80a4-f79f31b97347,a8cfa427-9576-4cd9-b538-89c137818f42,2026-08-03T07:29:41-07:00,2026-08-03T07:29:51-07:00,animal,animal,,,,,,,Animal,Animal,1,,,,,FALSE
2ed3813d-66e4-4975-8f19-f914551643f3,25446dba-7e72-4966-852e-135bc43ca60b,2026-08-03T07:49:00-07:00,2026-08-03T07:49:10-07:00,animal,animal,,,,,,,Animal,Animal,1,,,,,FALSE
2ab5d361-1134-407c-a2b2-2f62c998e8ef,a8cfa427-9576-4cd9-b538-89c137818f42,2026-08-03T07:55:25-07:00,2026-08-03T07:55:35-07:00,animal,animal,,,,,,,Animal,Animal,1,,,,,FALSE
9877ad7d-f858-4c88-b846-568ef339cb19,25446dba-7e72-4966-852e-135bc43ca60b,2026-08-03T08:10:05-07:00,2026-08-03T08:10:15-07:00,animal,animal,,,,,,,Animal,Animal,1,,,,,FALSE
bfda0027-27c1-4351-9440-c004288ffb63,a8cfa427-9576-4cd9-b538-89c137818f42,2026-08-03T08:41:25-07:00,2026-08-03T08:42:26-07:00,animal,animal,,,,,,,Animal,Animal,1,,,,,FALSE
190d9a29-7812-4cea-97f6-9219d6b212c3,a8cfa427-9576-4cd9-b538-89c137818f42,2026-08-03T09:15:28-07:00,2026-08-03T09:15:38-07:00,animal,animal,,,,,,,Animal,Animal,1,,,,,FALSE
452ff74a-46d4-40f1-9091-6900e4bea22f,a8cfa427-9576-4cd9-b538-89c137818f42,2026-08-03T09:59:30-07:00,2026-08-03T10:00:00-07:00,animal,animal,,,,,,,Animal,Animal,1,,,,,FALSE
3b6ced2d-fe53-4d55-a64b-827830a1b257,25446dba-7e72-4966-852e-135bc43ca60b,2026-08-03T12:43:38-07:00,2026-08-03T12:44:46-07:00,animal,animal,,,,,,,Animal,Animal,1,,,,,FALSE
a7508cd5-14af-4c61-893a-176036af8773,25446dba-7e72-4966-852e-135bc43ca60b,2026-08-03T13:07:21-07:00,2026-08-03T13:07:31-07:00,animal,animal,,,,,,,Animal,Animal,2,,,,,FALSE
d8234c69-e168-4f5c-97ad-ce2dce702d8a,a8cfa427-9576-4cd9-b538-89c137818f42,2026-08-03T14:54:52-07:00,2026-08-03T14:55:02-07:00,animal,animal,,,,,,,Animal,Animal,1,,,,,FALSE
97c7dae1-9890-486b-9832-a5eb8a3d6989,25446dba-7e72-4966-852e-135bc43ca60b,2026-08-03T15:04:18-07:00,2026-08-03T15:04:28-07:00,animal,animal,,,,,,,Animal,Animal,1,,,,,FALSE
71a1c002-f281-46b1-9c1a-3912949be359,a8cfa427-9576-4cd9-b538-89c137818f42,2026-08-03T17:45:46-07:00,2026-08-03T17:45:56-07:00,animal,animal,,,,,,,Animal,Animal,1,,,,,FALSE
fa1e1504-8ea0-4846-a038-4b0b946b58ac,a8cfa427-9576-4cd9-b538-89c137818f42,2026-08-03T19:39:20-07:00,2026-08-03T19:39:30-07:00,animal,animal,,,,,,,Animal,Animal,1,,,,,FALSE
f8ae7c1c-1aa9-46f5-a25b-902215af00e8,25446dba-7e72-4966-852e-135bc43ca60b,2026-08-03T20:05:29-07:00,2026-08-03T20:07:08-07:00,animal,animal,,,,,,,Animal,Animal,2,,,,,FALSE
30459347-2f1d-424b-89a0-4089f5833ab3,25446dba-7e72-4966-852e-135bc43ca60b,2026-08-03T20:24:38-07:00,2026-08-03T20:24:48-07:00,animal,animal,,,,,,,Animal,Animal,1,,,,,FALSE
7d4de425-7bcb-4f61-bcc1-2c612d3b0418,a8cfa427-9576-4cd9-b538-89c137818f42,2026-08-04T00:29:45-07:00,2026-08-04T00:29:56-07:00,animal,animal,,,,,,,Animal,Animal,1,,,,,FALSE
42796705-170f-44c0-84bf-8bf00d7e938c,a8cfa427-9576-4cd9-b538-89c137818f42,2026-08-04T00:39:04-07:00,2026-08-04T00:39:15-07:00,animal,animal,,,,,,,Animal,Animal,1,,,,,FALSE
1a86a81b-c6fe-4266-bbf8-e255fe4604ad,a8cfa427-9576-4cd9-b538-89c137818f42,2026-08-04T01:05:42-07:00,2026-08-04T01:05:52-07:00,animal,animal,,,,,,,Animal,Animal,2,,,,,FALSE
69044f54-460f-4a01-8946-fe5f6be79fb3,a8cfa427-9576-4cd9-b538-89c137818f42,2026-08-04T02:13:12-07:00,2026-08-04T02:13:23-07:00,animal,animal,,,,,,,Animal,Animal,2,,,,,FALSE
824674ff-6fd9-4ad0-ac2d-b555c891fe0f,a8cfa427-9576-4cd9-b538-89c137818f42,2026-08-04T04:37:55-07:00,2026-08-04T04:38:05-07:00,animal,animal,,,,,,,Animal,Animal,1,,,,,FALSE
0dff5c9f-a4a8-4cce-91a7-8b63398f59d7,a8cfa427-9576-4cd9-b538-89c137818f42,2026-08-04T05:03:23-07:00,2026-08-04T05:03:33-07:00,animal,animal,,,,,,,Animal,Animal,1,,,,,FALSE
8d69ae16-1cef-47b8-8a8c-dbca8d8a6ef6,25446dba-7e72-4966-852e-135bc43ca60b,2026-08-04T05:15:08-07:00,2026-08-04T05:15:18-07:00,animal,animal,,,,,,,Animal,Animal,1,,,,,FALSE
9bc2b7ac-77df-4d71-8c48-a2853ffea60e,a8cfa427-9576-4cd9-b538-89c137818f42,2026-08-04T05:40:55-07:00,2026-08-04T05:41:05-07:00,animal,animal,,,,,,,Animal,Animal,1,,,,,FALSE
063a748f-9de2-41f7-987d-6e1d40584170,a8cfa427-9576-4cd9-b538-89c137818f42,2026-08-04T05:58:51-07:00,2026-08-04T06:00:00-07:00,animal,animal,,,,,,,Animal,Animal,2,,,,,FALSE
ba12acec-9950-4d83-8bb2-3f9980e7f93f,25446dba-7e72-4966-852e-135bc43ca60b,2026-08-04T06:23:30-07:00,2026-08-04T06:24:56-07:00,animal,animal,,,,,,,Animal,Animal,1,,,,,FALSE
15856aee-3aee-4e14-a5a6-ef95b0446f61,a8cfa427-9576-4cd9-b538-89c137818f42,2026-08-04T06:29:13-07:00,2026-08-04T06:29:23-07:00,animal,animal,,,,,,,Animal,Animal,1,,,,,FALSE
6516472e-d19e-4f33-b062-5ace7d162628,25446dba-7e72-4966-852e-135bc43ca60b,2026-08-04T06:40:46-07:00,2026-08-04T06:40:56-07:00,animal,animal,,,,,,,Animal,Animal,1,,,,,FALSE
fd35ac13-087e-4075-973b-ed43b111a177,25446dba-7e72-4966-852e-135bc43ca60b,2026-08-04T06:59:05-07:00,2026-08-04T07:00:00-07:00,animal,animal,,,,,,,Animal,Animal,1,,,,,FALSE
677d88ba-74c8-45ef-bcef-cce3104fd2b6,25446dba-7e72-4966-852e-135bc43ca60b,2026-08-04T07:02:19-07:00,2026-08-04T07:04:06-07:00,animal,animal,,,,,,,Animal,Animal,1,,,,,FALSE
00b1cdcb-8bd3-4915-abbd-5ec263886f8f,a8cfa427-9576-4cd9-b538-89c137818f42,2026-08-04T07:32:25-07:00,2026-08-04T07:32:35-07:00,animal,animal,,,,,,,Animal,Animal,1,,,,,FALSE
3bbaa1ca-7cda-4693-941b-c671f4c9401d,25446dba-7e72-4966-852e-135bc43ca60b,2026-08-04T07:35:36-07:00,2026-08-04T07:35:46-07:00,animal,animal,,,,,,,Animal,Animal,1,,,,,FALSE
0f2c3866-0b4b-468d-abaa-494b7a0b2874,25446dba-7e72-4966-852e-135bc43ca60b,2026-08-04T08:21:02-07:00,2026-08-04T08:21:12-07:00,animal,animal,,,,,,,Animal,Animal,1,,,,,FALSE
4ee196fd-8bb0-486e-9aaa-9949b38b5a13,a8cfa427-9576-4cd9-b538-89c137818f42,2026-08-04T09:42:23-07:00,2026-08-04T09:42:33-07:00,animal,animal,,,,,,,Animal,Animal,1,,,,,FALSE
8ae5ebf1-60a2-42f5-9b45-bfd1cb69a7ac,25446dba-7e72-4966-852e-135bc43ca60b,2026-08-04T09:48:52-07:00,2026-08-04T09:49:02-07:00,animal,animal,,,,,,,Animal,Animal,1,,,,,FALSE
3597f48c-d06d-49f2-97e2-1827d8aa40e1,a8cfa427-9576-4cd9-b538-89c137818f42,2026-08-04T09:57:00-07:00,2026-08-04T09:57:10-07:00,animal,unknown,,,,,,,Unknown,Unknown,1,,,,,FALSE
381c470b-c3c5-413c-a6c4-85091975dd33,25446dba-7e72-4966-852e-135bc43ca60b,2026-08-04T11:17:16-07:00,2026-08-04T11:17:26-07:00,animal,animal,,,,,,,Animal,Animal,1,,,,,FALSE
0806f657-c427-4c0f-9310-92d9d537d6c7,a8cfa427-9576-4cd9-b538-89c137818f42,2026-08-04T11:23:10-07:00,2026-08-04T11:23:20-07:00,animal,animal,,,,,,,Animal,Animal,1,,,,,FALSE
6f8c05c2-4941-4c6c-bb29-f62fe944241c,25446dba-7e72-4966-852e-135bc43ca60b,2026-08-04T11:40:12-07:00,2026-08-04T11:40:22-07:00,animal,animal,,,,,,,Animal,Animal,1,,,,,FALSE
47fd778c-df79-409d-a2e8-b10bfad333e5,25446dba-7e72-4966-852e-135bc43ca60b,2026-08-04T13:14:02-07:00,2026-08-04T13:14:12-07:00,animal,animal,,,,,,,Animal,Animal,1,,,,,FALSE
f06ec942-a422-4f02-8216-c7e3930d2e29,25446dba-7e72-4966-852e-135bc43ca60b,2026-08-04T14:16:07-07:00,2026-08-04T14:16:17-07:00,animal,animal,,,,,,,Animal,Animal,1,,,,,FALSE
aed5635a-14f4-4d7d-9c8c-3de700d24e32,a8cfa427-9576-4cd9-b538-89c137818f42,2026-08-04T16:03:14-07:00,2026-08-04T16:05:36-07:00,animal,animal,,,,,,,Animal,Animal,1,,,,,FALSE
3f03721d-d642-475b-afc5-e472637379a1,a8cfa427-9576-4cd9-b538-89c137818f42,2026-08-04T17:06:21-07:00,2026-08-04T17:06:31-07:00,animal,animal,,,,,,,Animal,Animal,1,,,,,FALSE
6c234238-2fa5-4566-b100-de0c900bb369,a8cfa427-9576-4cd9-b538-89c137818f42,2026-08-04T17:10:27-07:00,2026-08-04T17:10:37-07:00,animal,animal,,,,,,,Animal,Animal,1,,,,,FALSE
931af4c8-9768-4beb-97bf-078f4eee1289,25446dba-7e72-4966-852e-135bc43ca60b,2026-08-04T17:23:26-07:00,2026-08-04T17:23:36-07:00,animal,animal,,,,,,,Animal,Animal,1,,,,,FALSE
838dca46-513f-464f-a9ec-9b5dcb387f9c,25446dba-7e72-4966-852e-135bc43ca60b,2026-08-04T18:32:39-07:00,2026-08-04T18:32:49-07:00,animal,animal,,,,,,,Animal,Animal,1,,,,,FALSE
3e28706e-19d0-43a3-a98d-c872faefa536,a8cfa427-9576-4cd9-b538-89c137818f42,2026-08-05T00:17:31-07:00,2026-08-05T00:17:41-07:00,animal,animal,,,,,,,Animal,Animal,1,,,,,FALSE
5df76ebe-dd3f-4cfa-9355-9ede5593bbaf,a8cfa427-9576-4cd9-b538-89c137818f42,2026-08-05T01:46:06-07:00,2026-08-05T01:46:16-07:00,animal,animal,,,,,,,Animal,Animal,2,,,,,FALSE
52cf3838-40ad-4917-9935-0c8bb811821b,a8cfa427-9576-4cd9-b538-89c137818f42,2026-08-05T03:47:48-07:00,2026-08-05T03:47:58-07:00,animal,animal,,,,,,,Animal,Animal,1,,,,,FALSE
d6794682-a9c8-4d37-9569-a479d3eaf348,a8cfa427-9576-4cd9-b538-89c137818f42,2026-08-05T05:22:53-07:00,2026-08-05T05:23:03-07:00,animal,animal,,,,,,,Animal,Animal,1,,,,,FALSE
a9cad438-3c2a-407c-94ec-86c665271bfb,25446dba-7e72-4966-852e-135bc43ca60b,2026-08-05T05:56:43-07:00,2026-08-05T06:00:00-07:00,animal,animal,,,,,,,Animal,Animal,1,,,,,FALSE
3dc7731b-49a3-4634-828c-d9c363b1f8fd,a8cfa427-9576-4cd9-b538-89c137818f42,2026-08-05T06:08:22-07:00,2026-08-05T06:08:32-07:00,animal,animal,,,,,,,Animal,Animal,1,,,,,FALSE
5a8f8b1c-fb5d-45f4-bea2-0776df818aa7,25446dba-7e72-4966-852e-135bc43ca60b,2026-08-05T06:16:58-07:00,2026-08-05T06:17:08-07:00,animal,animal,,,,,,,Animal,Animal,1,,,,,FALSE
f705997f-a35b-4775-bf85-164060c5a2ca,a8cfa427-9576-4cd9-b538-89c137818f42,2026-08-05T06:39:22-07:00,2026-08-05T06:39:32-07:00,animal,animal,,,,,,,Animal,Animal,1,,,,,FALSE
d9c119f1-eca3-438a-9c12-f08b01d80f11,a8cfa427-9576-4cd9-b538-89c137818f42,2026-08-05T06:54:18-07:00,2026-08-05T06:54:29-07:00,animal,animal,,,,,,,Animal,Animal,1,,,,,FALSE
4fd1fb18-caba-41c5-9912-938cea910ce6,25446dba-7e72-4966-852e-135bc43ca60b,2026-08-05T07:25:40-07:00,2026-08-05T07:25:50-07:00,animal,animal,,,,,,,Animal,Animal,1,,,,,FALSE
25e8e348-7daf-43ac-9fb4-8f93c8ad9d4e,25446dba-7e72-4966-852e-135bc43ca60b,2026-08-05T08:07:37-07:00,2026-08-05T08:07:47-07:00,animal,animal,,,,,,,Animal,Animal,1,,,,,FALSE
d78cb195-2ae8-4712-b980-c5278123cbe0,a8cfa427-9576-4cd9-b538-89c137818f42,2026-08-05T08:25:14-07:00,2026-08-05T08:25:50-07:00,animal,animal,,,,,,,Animal,Animal,1,,,,,FALSE
df188fa2-02cf-4b51-b633-1154937252ef,25446dba-7e72-4966-852e-135bc43ca60b,2026-08-05T09:14:15-07:00,2026-08-05T09:14:25-07:00,animal,animal,,,,,,,Animal,Animal,1,,,,,FALSE
75067dd1-474b-4222-b6c8-570a432de8ef,25446dba-7e72-4966-852e-135bc43ca60b,2026-08-05T09:18:14-07:00,2026-08-05T09:18:24-07:00,animal,animal,,,,,,,Animal,Animal,1,,,,,FALSE
836ccbfa-756a-434d-9323-0272be0a6df6,a8cfa427-9576-4cd9-b538-89c137818f42,2026-08-05T09:28:15-07:00,2026-08-05T09:28:57-07:00,animal,animal,,,,,,,Animal,Animal,1,,,,,FALSE
55644f0e-c8cb-4969-9633-fa0c89d0836d,a8cfa427-9576-4cd9-b538-89c137818f42,2026-08-05T09:41:41-07:00,2026-08-05T09:41:51-07:00,animal,animal,,,,,,,Animal,Animal,1,,,,,FALSE
4c9241e8-1f7d-492c-9b11-09c1fa871547,25446dba-7e72-4966-852e-135bc43ca60b,2026-08-05T10:56:39-07:00,2026-08-05T10:56:49-07:00,animal,animal,,,,,,,Animal,Animal,1,,,,,FALSE
f9a2f976-af46-4843-8817-776822fad735,25446dba-7e72-4966-852e-135bc43ca60b,2026-08-05T10:59:45-07:00,2026-08-05T11:00:07-07:00,animal,animal,,,,,,,Animal,Animal,2,,,,,FALSE
4aa84ba8-70e6-48fe-9781-bb335007cdf9,a8cfa427-9576-4cd9-b538-89c137818f42,2026-08-05T11:39:23-07:00,2026-08-05T11:40:23-07:00,animal,animal,,,,,,,Animal,Animal,1,,,,,FALSE
94828f54-9aa9-4f4f-8ac7-c94947d773aa,a8cfa427-9576-4cd9-b538-89c137818f42,2026-08-05T11:52:32-07:00,2026-08-05T11:52:42-07:00,animal,animal,,,,,,,Animal,Animal,1,,,,,FALSE
6775ea2f-b105-4f96-bb61-67bbe0cb01dd,25446dba-7e72-4966-852e-135bc43ca60b,2026-08-05T11:55:09-07:00,2026-08-05T11:55:19-07:00,animal,animal,,,,,,,Animal,Animal,1,,,,,FALSE
24c8cc0a-689e-4ce2-860d-c44b7691e285,25446dba-7e72-4966-852e-135bc43ca60b,2026-08-05T12:28:57-07:00,2026-08-05T12:29:07-07:00,animal,animal,,,,,,,Animal,Animal,1,,,,,FALSE
ba145dac-8535-446c-b2df-4c558f8afe09,25446dba-7e72-4966-852e-135bc43ca60b,2026-08-05T12:49:23-07:00,2026-08-05T12:49:33-07:00,animal,animal,,,,,,,Animal,Animal,1,,,,,FALSE
dfca1593-7d69-4b1c-888d-320e92242922,a8cfa427-9576-4cd9-b538-89c137818f42,2026-08-05T13:48:28-07:00,2026-08-05T13:48:38-07:00,animal,animal,,,,,,,Animal,Animal,1,,,,,FALSE
2ca093b4-b6e2-4c4e-9f21-e7921858b8e1,a8cfa427-9576-4cd9-b538-89c137818f42,2026-08-05T13:53:42-07:00,2026-08-05T13:54:14-07:00,animal,animal,,,,,,,Animal,Animal,1,,,,,FALSE
c927d98c-d376-4cd0-bf17-963c2b2c109e,a8cfa427-9576-4cd9-b538-89c137818f42,2026-08-05T14:56:25-07:00,2026-08-05T14:56:35-07:00,animal,animal,,,,,,,Animal,Animal,1,,,,,FALSE
b0f379ff-ae9d-486c-b100-8d37b1eb594d,a8cfa427-9576-4cd9-b538-89c137818f42,2026-08-05T15:31:51-07:00,2026-08-05T15:32:02-07:00,animal,animal,,,,,,,Animal,Animal,1,,,,,FALSE
4435a496-5e6c-4e5d-b6f5-229eed48cf0f,a8cfa427-9576-4cd9-b538-89c137818f42,2026-08-05T15:35:41-07:00,2026-08-05T15:36:27-07:00,animal,animal,,,,,,,Animal,Animal,1,,,,,FALSE
3b39b046-c86a-44b4-90dd-36d8a1026317,25446dba-7e72-4966-852e-135bc43ca60b,2026-08-05T16:46:28-07:00,2026-08-05T16:46:38-07:00,animal,animal,,,,,,,Animal,Animal,1,,,,,FALSE
a6f68b1c-890a-49f2-b059-5a39c78733bb,25446dba-7e72-4966-852e-135bc43ca60b,2026-08-05T17:12:40-07:00,2026-08-05T17:12:50-07:00,animal,animal,,,,,,,Animal,Animal,1,,,,,FALSE
5d87ecde-9f02-4801-b543-ec7c56b18109,a8cfa427-9576-4cd9-b538-89c137818f42,2026-08-05T18:26:42-07:00,2026-08-05T18:26:52-07:00,animal,animal,,,,,,,Animal,Animal,1,,,,,FALSE
879a2543-1a04-4363-a814-f348d5583f6a,a8cfa427-9576-4cd9-b538-89c137818f42,2026-08-05T18:30:24-07:00,2026-08-05T18:31:01-07:00,animal,animal,,,,,,,Animal,Animal,1,,,,,FALSE
a0fed15b-6f80-4402-9950-a0e512e8251e,25446dba-7e72-4966-852e-135bc43ca60b,2026-08-05T18:59:37-07:00,2026-08-05T19:00:00-07:00,animal,animal,,,,,,,Animal,Animal,1,,,,,FALSE
54762b94-c1f0-4a38-a3bf-42eb47c0a0dd,a8cfa427-9576-4cd9-b538-89c137818f42,2026-08-05T19:43:09-07:00,2026-08-05T19:43:19-07:00,animal,animal,,,,,,,Animal,Animal,1,,,,,FALSE
343758b8-9438-4266-9004-563a59af384f,25446dba-7e72-4966-852e-135bc43ca60b,2026-08-05T21:24:17-07:00,2026-08-05T21:24:27-07:00,animal,animal,,,,,,,Animal,Animal,1,,,,,FALSE
18a956dd-2f42-485d-8dac-330d7743dde3,a8cfa427-9576-4cd9-b538-89c137818f42,2026-08-05T22:48:59-07:00,2026-08-05T22:49:09-07:00,animal,animal,,,,,,,Animal,Animal,1,,,,,FALSE
a0c8836d-6951-405f-ae39-4e5992367c3a,25446dba-7e72-4966-852e-135bc43ca60b,2026-08-05T23:32:57-07:00,2026-08-05T23:33:07-07:00,animal,animal,,,,,,,Animal,Animal,1,,,,,FALSE
fad3e5aa-c280-48fe-bb86-90ac86ad3fb5,a8cfa427-9576-4cd9-b538-89c137818f42,2026-08-06T00:41:14-07:00,2026-08-06T00:41:24-07:00,animal,animal,,,,,,,Animal,Animal,1,,,,,FALSE
be9bc902-644a-43b1-86d9-84a82fac450b,a8cfa427-9576-4cd9-b538-89c137818f42,2026-08-06T02:34:39-07:00,2026-08-06T02:34:49-07:00,animal,animal,,,,,,,Animal,Animal,1,,,,,FALSE
550bcaed-dc21-4e37-b3ee-ed8cd65dd543,a8cfa427-9576-4cd9-b538-89c137818f42,2026-08-06T04:10:14-07:00,2026-08-06T04:10:25-07:00,animal,animal,,,,,,,Animal,Animal,1,,,,,FALSE
24a32ac5-cf28-4687-98d1-7f7d90a521f7,a8cfa427-9576-4cd9-b538-89c137818f42,2026-08-06T05:03:27-07:00,2026-08-06T05:03:37-07:00,animal,animal,,,,,,,Animal,Animal,1,,,,,FALSE
52a13fdf-5c8a-4519-96d3-632b21f2cf88,a8cfa427-9576-4cd9-b538-89c137818f42,2026-08-06T06:38:33-07:00,2026-08-06T06:38:44-07:00,animal,animal,,,,,,,Animal,Animal,1,,,,,FALSE
029294b8-3ac6-48b6-8852-adf04c235a0d,25446dba-7e72-4966-852e-135bc43ca60b,2026-08-06T07:55:11-07:00,2026-08-06T07:55:21-07:00,animal,animal,,,,,,,Animal,Animal,2,,,,,FALSE
28e307f3-2947-42c1-84c5-9a0105fb598f,a8cfa427-9576-4cd9-b538-89c137818f42,2026-08-06T08:06:04-07:00,2026-08-06T08:06:44-07:00,animal,animal,,,,,,,Animal,Animal,1,,,,,FALSE
dcb6530c-54c6-4985-81d6-877799f5545d,a8cfa427-9576-4cd9-b538-89c137818f42,2026-08-06T08:12:10-07:00,2026-08-06T08:12:20-07:00,animal,animal,,,,,,,Animal,Animal,1,,,,,FALSE
56c3ab3e-f39d-49b8-a248-e14f11f95e98,a8cfa427-9576-4cd9-b538-89c137818f42,2026-08-06T08:45:04-07:00,2026-08-06T08:45:14-07:00,animal,animal,,,,,,,Animal,Animal,1,,,,,FALSE
572371c2-876a-4b9a-8937-1c62da19c736,a8cfa427-9576-4cd9-b538-89c137818f42,2026-08-06T08:52:07-07:00,2026-08-06T08:52:51-07:00,animal,animal,,,,,,,Animal,Animal,1,,,,,FALSE
dedbbde3-cd79-44b2-ac19-5ad17992c8d4,a8cfa427-9576-4cd9-b538-89c137818f42,2026-08-06T09:16:35-07:00,2026-08-06T09:16:45-07:00,animal,animal,,,,,,,Animal,Animal,1,,,,,FALSE
14ffc148-8caa-42a5-8317-80818640b9fd,188f1a8d-9ebb-4f84-a33c-06a92c469785,2026-08-06T09:19:26-07:00,2026-08-06T09:19:36-07:00,animal,animal,,,,,,,Animal,Animal,1,,,,,FALSE
9ee52089-2abf-4c8e-97ad-58bc38ffd52f,25446dba-7e72-4966-852e-135bc43ca60b,2026-08-06T09:26:00-07:00,2026-08-06T09:26:10-07:00,animal,animal,,,,,,,Animal,Animal,1,,,,,FALSE
d6993327-9865-477b-a413-46c541ae3c7f,25446dba-7e72-4966-852e-135bc43ca60b,2026-08-06T09:59:03-07:00,2026-08-06T10:00:00-07:00,animal,animal,,,,,,,Animal,Animal,1,,,,,FALSE
340611c7-d574-43bc-91fc-42f854813eaa,25446dba-7e72-4966-852e-135bc43ca60b,2026-08-06T10:04:13-07:00,2026-08-06T10:04:23-07:00,animal,animal,,,,,,,Animal,Animal,2,,,,,FALSE
ce5b6cda-7ba0-484f-88ad-de9273e80109,25446dba-7e72-4966-852e-135bc43ca60b,2026-08-06T11:17:38-07:00,2026-08-06T11:18:33-07:00,animal,animal,,,,,,,Animal,Animal,2,,,,,FALSE
4fba3f68-8e33-48f3-b321-30d66bc656bc,a8cfa427-9576-4cd9-b538-89c137818f42,2026-08-06T11:35:03-07:00,2026-08-06T11:35:14-07:00,animal,animal,,,,,,,Animal,Animal,1,,,,,FALSE
2169d2e8-f04a-4ac5-8ddc-129b5ccc1eb9,a8cfa427-9576-4cd9-b538-89c137818f42,2026-08-06T11:38:46-07:00,2026-08-06T11:38:56-07:00,animal,animal,,,,,,,Animal,Animal,1,,,,,FALSE
9048d2fc-c048-4100-b429-4a15edc311c1,a8cfa427-9576-4cd9-b538-89c137818f42,2026-08-06T13:49:50-07:00,2026-08-06T13:51:41-07:00,animal,animal,,,,,,,Animal,Animal,1,,,,,FALSE
730f9fa4-1b69-437a-be76-0d364ef1b6c5,a8cfa427-9576-4cd9-b538-89c137818f42,2026-08-06T17:00:00-07:00,2026-08-06T17:00:57-07:00,animal,animal,,,,,,,Animal,Animal,1,,,,,FALSE
644da537-dee5-4f64-a68f-51b345a974d7,25446dba-7e72-4966-852e-135bc43ca60b,2026-08-06T17:40:04-07:00,2026-08-06T17:40:14-07:00,animal,animal,,,,,,,Animal,Animal,1,,,,,FALSE
dabe9067-e676-46d8-a466-9d79ccdeca2e,25446dba-7e72-4966-852e-135bc43ca60b,2026-08-06T17:46:39-07:00,2026-08-06T17:46:49-07:00,animal,animal,,,,,,,Animal,Animal,1,,,,,FALSE
50d18ceb-6ae7-4381-9834-22c7c00c55ee,25446dba-7e72-4966-852e-135bc43ca60b,2026-08-06T18:06:44-07:00,2026-08-06T18:06:54-07:00,animal,animal,,,,,,,Animal,Animal,1,,,,,FALSE
3234f4bd-5081-46ef-9b3d-5a0b0fa8a519,a8cfa427-9576-4cd9-b538-89c137818f42,2026-08-06T20:10:50-07:00,2026-08-06T20:11:00-07:00,animal,animal,,,,,,,Animal,Animal,1,,,,,FALSE
678d5516-8831-4390-91f0-c465001f3d6a,25446dba-7e72-4966-852e-135bc43ca60b,2026-08-06T20:16:25-07:00,2026-08-06T20:16:35-07:00,animal,animal,,,,,,,Animal,Animal,1,,,,,FALSE
8f3daf65-301e-47bb-b354-3780644bfb19,25446dba-7e72-4966-852e-135bc43ca60b,2026-08-06T20:28:04-07:00,2026-08-06T20:28:14-07:00,animal,animal,,,,,,,Animal,Animal,1,,,,,FALSE
c9ad7916-b04f-4733-b7f5-a5b37b470925,25446dba-7e72-4966-852e-135bc43ca60b,2026-08-06T21:04:24-07:00,2026-08-06T21:04:34-07:00,animal,animal,,,,,,,Animal,Animal,1,,,,,FALSE
d5ebf53c-23d6-476a-b358-a40baa738e9a,a8cfa427-9576-4cd9-b538-89c137818f42,2026-08-07T02:42:13-07:00,2026-08-07T02:42:23-07:00,animal,animal,,,,,,,Animal,Animal,1,,,,,FALSE
8904fd7c-717e-41fc-8384-e23e8b0ad425,a8cfa427-9576-4cd9-b538-89c137818f42,2026-08-07T04:28:52-07:00,2026-08-07T04:29:03-07:00,animal,animal,,,,,,,Animal,Animal,1,,,,,FALSE
63f2a873-01fe-4287-ba30-5e5f26390cff,a8cfa427-9576-4cd9-b538-89c137818f42,2026-08-07T04:35:28-07:00,2026-08-07T04:35:38-07:00,animal,animal,,,,,,,Animal,Animal,1,,,,,FALSE
60a06020-1d95-47a9-9236-470312fd0427,a8cfa427-9576-4cd9-b538-89c137818f42,2026-08-07T05:47:00-07:00,2026-08-07T05:47:11-07:00,animal,animal,,,,,,,Animal,Animal,1,,,,,FALSE
b2f57477-fbbb-4bf3-a2ba-f531d7b5e32c,a8cfa427-9576-4cd9-b538-89c137818f42,2026-08-07T06:20:03-07:00,2026-08-07T06:20:14-07:00,animal,animal,,,,,,,Animal,Animal,1,,,,,FALSE
30c5eb1b-99e4-4d03-8a67-1aebf70963d1,a8cfa427-9576-4cd9-b538-89c137818f42,2026-08-07T07:15:51-07:00,2026-08-07T07:16:02-07:00,animal,animal,,,,,,,Animal,Animal,1,,,,,FALSE
816239fd-7726-4c85-a839-99dd57be79b2,188f1a8d-9ebb-4f84-a33c-06a92c469785,2026-08-07T07:38:55-07:00,2026-08-07T07:39:05-07:00,animal,animal,,,,,,,Animal,Animal,1,,,,,FALSE
a5a848bb-28e5-40dc-95d6-f582ca281834,a8cfa427-9576-4cd9-b538-89c137818f42,2026-08-07T07:57:16-07:00,2026-08-07T07:57:27-07:00,animal,animal,,,,,,,Animal,Animal,1,,,,,FALSE
a9294dcd-4188-4a30-99e5-6d3c3aef1b9e,a8cfa427-9576-4cd9-b538-89c137818f42,2026-08-07T08:09:54-07:00,2026-08-07T08:10:34-07:00,animal,animal,,,,,,,Animal,Animal,1,,,,,FALSE
b6d8641c-3e58-4069-abc9-7458abc92486,25446dba-7e72-4966-852e-135bc43ca60b,2026-08-07T08:34:26-07:00,2026-08-07T08:34:36-07:00,animal,animal,,,,,,,Animal,Animal,1,,,,,FALSE
66ab8a6c-a446-49f2-8b8c-808e1ce74528,25446dba-7e72-4966-852e-135bc43ca60b,2026-08-07T08:41:05-07:00,2026-08-07T08:41:15-07:00,animal,animal,,,,,,,Animal,Animal,1,,,,,FALSE
dcd7df63-d7d6-4085-81e8-3f32d61b591a,a8cfa427-9576-4cd9-b538-89c137818f42,2026-08-07T08:51:07-07:00,2026-08-07T08:51:17-07:00,animal,animal,,,,,,,Animal,Animal,1,,,,,FALSE
f92c8684-d424-4945-b743-088397a820e6,25446dba-7e72-4966-852e-135bc43ca60b,2026-08-07T09:14:00-07:00,2026-08-07T09:14:10-07:00,animal,animal,,,,,,,Animal,Animal,1,,,,,FALSE
d8fce890-1f6e-4d16-838f-d13ddccb708b,25446dba-7e72-4966-852e-135bc43ca60b,2026-08-07T11:30:58-07:00,2026-08-07T11:32:54-07:00,animal,animal,,,,,,,Animal,Animal,1,,,,,FALSE
1467bbfa-3cfe-4280-8099-b90ae3c72484,25446dba-7e72-4966-852e-135bc43ca60b,2026-08-07T12:02:26-07:00,2026-08-07T12:02:36-07:00,animal,animal,,,,,,,Animal,Animal,1,,,,,FALSE
94316ea6-09bb-4d8b-ae1e-2c4e723f1009,25446dba-7e72-4966-852e-135bc43ca60b,2026-08-07T12:28:42-07:00,2026-08-07T12:28:52-07:00,animal,animal,,,,,,,Animal,Animal,2,,,,,FALSE
1ef7f35c-7c39-4f43-ac4b-b2d96a944221,25446dba-7e72-4966-852e-135bc43ca60b,2026-08-07T17:03:19-07:00,2026-08-07T17:03:29-07:00,animal,animal,,,,,,,Animal,Animal,1,,,,,FALSE
f2e080af-8167-43fc-81cf-202b3f3b1a21,a8cfa427-9576-4cd9-b538-89c137818f42,2026-08-07T17:07:42-07:00,2026-08-07T17:07:52-07:00,animal,animal,,,,,,,Animal,Animal,1,,,,,FALSE
9088a294-144f-407f-9f8a-623830e0cd9b,25446dba-7e72-4966-852e-135bc43ca60b,2026-08-07T17:19:06-07:00,2026-08-07T17:19:16-07:00,animal,animal,,,,,,,Animal,Animal,1,,,,,FALSE
cea3c241-9f4e-4896-b2e8-3e93c3ca0969,a8cfa427-9576-4cd9-b538-89c137818f42,2026-08-07T17:33:57-07:00,2026-08-07T17:34:08-07:00,animal,animal,,,,,,,Animal,Animal,1,,,,,FALSE
b38c1169-91fc-48e7-8001-eefe9aaffbbc,a8cfa427-9576-4cd9-b538-89c137818f42,2026-08-07T17:37:48-07:00,2026-08-07T17:37:58-07:00,animal,animal,,,,,,,Animal,Animal,1,,,,,FALSE
bf99c02c-8744-4878-a38d-bfcca4e7317c,a8cfa427-9576-4cd9-b538-89c137818f42,2026-08-07T17:47:13-07:00,2026-08-07T17:47:23-07:00,animal,animal,,,,,,,Animal,Animal,1,,,,,FALSE
ec1e1561-57d7-4167-9d5b-202136c7aacd,a8cfa427-9576-4cd9-b538-89c137818f42,2026-08-07T17:58:01-07:00,2026-08-07T18:00:00-07:00,animal,animal,,,,,,,Animal,Animal,1,,,,,FALSE
7ced6328-5978-409b-aff2-0e4adf7f2b86,25446dba-7e72-4966-852e-135bc43ca60b,2026-08-07T18:11:58-07:00,2026-08-07T18:12:08-07:00,animal,animal,,,,,,,Animal,Animal,1,,,,,FALSE
375342f8-5f52-463c-8c7e-221da405704f,25446dba-7e72-4966-852e-135bc43ca60b,2026-08-07T18:37:39-07:00,2026-08-07T18:37:49-07:00,animal,animal,,,,,,,Animal,Animal,1,,,,,FALSE
e22756b2-4bd5-4d6e-8e06-c74d1742cd6a,a8cfa427-9576-4cd9-b538-89c137818f42,2026-08-07T19:09:05-07:00,2026-08-07T19:09:15-07:00,animal,animal,,,,,,,Animal,Animal,1,,,,,FALSE
61407579-3f3e-4ac0-82fb-d52f7c2f3c84,a8cfa427-9576-4cd9-b538-89c137818f42,2026-08-07T19:11:36-07:00,2026-08-07T19:11:47-07:00,animal,animal,,,,,,,Animal,Animal,1,,,,,FALSE
02c8ae34-e71d-485c-a66f-0913601f45f2,25446dba-7e72-4966-852e-135bc43ca60b,2026-08-07T19:26:47-07:00,2026-08-07T19:26:57-07:00,animal,animal,,,,,,,Animal,Animal,2,,,,,FALSE
4e8172c2-07a2-4d30-bb9a-1e6262965205,25446dba-7e72-4966-852e-135bc43ca60b,2026-08-07T19:49:00-07:00,2026-08-07T19:49:10-07:00,animal,animal,,,,,,,Animal,Animal,1,,,,,FALSE
1555b24b-1b79-4927-b1bd-adb79ca24307,a8cfa427-9576-4cd9-b538-89c137818f42,2026-08-07T19:54:21-07:00,2026-08-07T19:54:32-07:00,animal,animal,,,,,,,Animal,Animal,1,,,,,FALSE
f0ae7a20-87ae-4ba2-82dd-a8c05640ccbc,a8cfa427-9576-4cd9-b538-89c137818f42,2026-08-07T20:37:01-07:00,2026-08-07T20:37:12-07:00,animal,animal,,,,,,,Animal,Animal,1,,,,,FALSE
f4a1205d-78b0-4c2c-a2e1-9bc88e75164a,a8cfa427-9576-4cd9-b538-89c137818f42,2026-08-07T20:56:43-07:00,2026-08-07T20:56:54-07:00,animal,animal,,,,,,,Animal,Animal,1,,,,,FALSE
9e54bfd4-86fd-45cb-94bc-6d09e010d037,a8cfa427-9576-4cd9-b538-89c137818f42,2026-08-07T20:59:29-07:00,2026-08-07T21:00:00-07:00,animal,animal,,,,,,,Animal,Animal,1,,,,,FALSE
b6cadf4d-5474-426d-95c2-2e5ff4c34d7b,25446dba-7e72-4966-852e-135bc43ca60b,2026-08-07T23:07:43-07:00,2026-08-07T23:07:53-07:00,animal,animal,,,,,,,Animal,Animal,1,,,,,FALSE
811c2018-2ed1-4a98-aed3-d5ef8d4d11a4,a8cfa427-9576-4cd9-b538-89c137818f42,2026-08-08T04:10:41-07:00,2026-08-08T04:11:28-07:00,animal,animal,,,,,,,Animal,Animal,2,,,,,FALSE
b17fd25d-0809-410b-a999-b1e1059a3be9,a8cfa427-9576-4cd9-b538-89c137818f42,2026-08-08T04:28:02-07:00,2026-08-08T04:28:13-07:00,animal,animal,,,,,,,Animal,Animal,1,,,,,FALSE
613ecf50-c97d-4ba5-8d4e-bb074b0ca057,25446dba-7e72-4966-852e-135bc43ca60b,2026-08-08T04:47:49-07:00,2026-08-08T04:47:59-07:00,animal,animal,,,,,,,Animal,Animal,1,,,,,FALSE
cc98336b-730c-45dd-bc6b-ffd0949eddd7,a8cfa427-9576-4cd9-b538-89c137818f42,2026-08-08T05:23:59-07:00,2026-08-08T05:25:08-07:00,animal,animal,,,,,,,Animal,Animal,1,,,,,FALSE
d0174d02-149c-4662-906d-b6f78ccdd010,25446dba-7e72-4966-852e-135bc43ca60b,2026-08-08T05:40:43-07:00,2026-08-08T05:40:53-07:00,animal,animal,,,,,,,Animal,Animal,1,,,,,FALSE
d333b881-a918-4ea8-8740-b22d1b8b20ac,a8cfa427-9576-4cd9-b538-89c137818f42,2026-08-08T05:58:10-07:00,2026-08-08T06:00:00-07:00,animal,animal,,,,,,,Animal,Animal,1,,,,,FALSE
1bfce9d1-b2c3-4f10-b6b9-6c7e361853e6,a8cfa427-9576-4cd9-b538-89c137818f42,2026-08-08T07:05:51-07:00,2026-08-08T07:06:02-07:00,animal,animal,,,,,,,Animal,Animal,1,,,,,FALSE
3e6bac46-c843-4735-980a-b663b1bd2b8b,a8cfa427-9576-4cd9-b538-89c137818f42,2026-08-08T07:11:21-07:00,2026-08-08T07:11:32-07:00,animal,animal,,,,,,,Animal,Animal,1,,,,,FALSE
a1d04604-cfd4-4e1f-83bd-c3b2c563b0fe,a8cfa427-9576-4cd9-b538-89c137818f42,2026-08-08T07:16:15-07:00,2026-08-08T07:16:26-07:00,animal,animal,,,,,,,Animal,Animal,1,,,,,FALSE
491100a7-365c-4b81-8b4c-97db1fa3aaa8,a8cfa427-9576-4cd9-b538-89c137818f42,2026-08-08T07:45:33-07:00,2026-08-08T07:46:07-07:00,animal,animal,,,,,,,Animal,Animal,1,,,,,FALSE
3666af8c-3692-474d-9ba4-1a6c6f0e56c4,a8cfa427-9576-4cd9-b538-89c137818f42,2026-08-08T08:00:00-07:00,2026-08-08T08:02:13-07:00,animal,animal,,,,,,,Animal,Animal,1,,,,,FALSE
bc02d88e-ddcb-4c59-aff4-69439603a5c9,a8cfa427-9576-4cd9-b538-89c137818f42,2026-08-08T08:19:09-07:00,2026-08-08T08:19:19-07:00,animal,animal,,,,,,,Animal,Animal,2,,,,,FALSE
e745ecd0-2d5e-4b54-82b2-f4bbdc0f23cc,25446dba-7e72-4966-852e-135bc43ca60b,2026-08-08T08:27:28-07:00,2026-08-08T08:27:38-07:00,animal,animal,,,,,,,Animal,Animal,2,,,,,FALSE
5d35eed6-3e21-49c8-a798-d29d8dfd24be,a8cfa427-9576-4cd9-b538-89c137818f42,2026-08-08T09:13:43-07:00,2026-08-08T09:13:54-07:00,animal,animal,,,,,,,Animal,Animal,1,,,,,FALSE
91842ba5-22b3-4414-a80f-434cba8eeb11,a8cfa427-9576-4cd9-b538-89c137818f42,2026-08-08T09:42:12-07:00,2026-08-08T09:42:23-07:00,animal,animal,,,,,,,Animal,Animal,1,,,,,FALSE
5445f349-bde0-4c96-a88a-864f09a2b94f,a8cfa427-9576-4cd9-b538-89c137818f42,2026-08-08T10:00:00-07:00,2026-08-08T10:00:30-07:00,animal,animal,,,,,,,Animal,Animal,1,,,,,FALSE
94925d80-c659-4750-8fc9-4881f9aafa8d,a8cfa427-9576-4cd9-b538-89c137818f42,2026-08-08T10:05:11-07:00,2026-08-08T10:05:22-07:00,animal,animal,,,,,,,Animal,Animal,1,,,,,FALSE
8dd02b53-d157-42be-a83b-49defb1f9692,a8cfa427-9576-4cd9-b538-89c137818f42,2026-08-08T10:15:09-07:00,2026-08-08T10:15:20-07:00,animal,animal,,,,,,,Animal,Animal,1,,,,,FALSE
bd7ce6f9-aa45-4abc-99d5-ccbe2b6d9257,a8cfa427-9576-4cd9-b538-89c137818f42,2026-08-08T10:54:17-07:00,2026-08-08T10:54:28-07:00,animal,animal,,,,,,,Animal,Animal,1,,,,,FALSE
ecc4aa57-02d3-4cf7-87db-c4daf833c949,a8cfa427-9576-4cd9-b538-89c137818f42,2026-08-08T10:58:53-07:00,2026-08-08T11:00:00-07:00,animal,animal,,,,,,,Animal,Animal,1,,,,,FALSE
7cfbdc47-c159-455b-b8ea-d0f85086e2dc,25446dba-7e72-4966-852e-135bc43ca60b,2026-08-08T11:47:21-07:00,2026-08-08T11:47:31-07:00,animal,animal,,,,,,,Animal,Animal,2,,,,,FALSE
52c82586-780d-4796-9184-a57c0a489d6e,25446dba-7e72-4966-852e-135bc43ca60b,2026-08-08T12:07:54-07:00,2026-08-08T12:08:31-07:00,animal,animal,,,,,,,Animal,Animal,2,,,,,FALSE
75505122-f2db-466b-a401-05f0bee1abf4,25446dba-7e72-4966-852e-135bc43ca60b,2026-08-08T14:06:09-07:00,2026-08-08T14:06:19-07:00,animal,animal,,,,,,,Animal,Animal,1,,,,,FALSE
a4b349a7-22b7-4575-a3b1-ef246d0e96f2,a8cfa427-9576-4cd9-b538-89c137818f42,2026-08-08T15:11:39-07:00,2026-08-08T15:11:50-07:00,animal,animal,,,,,,,Animal,Animal,1,,,,,FALSE
c5b0e60a-3a7f-4965-bb77-8990ffe13c03,a8cfa427-9576-4cd9-b538-89c137818f42,2026-08-08T15:25:58-07:00,2026-08-08T15:27:22-07:00,animal,animal,,,,,,,Animal,Animal,1,,,,,FALSE
6c0249e9-d507-4a7c-814e-3813d2876512,25446dba-7e72-4966-852e-135bc43ca60b,2026-08-08T15:28:17-07:00,2026-08-08T15:28:27-07:00,animal,animal,,,,,,,Animal,Animal,1,,,,,FALSE
be876b30-2bbe-4485-a419-7d32603164e2,a8cfa427-9576-4cd9-b538-89c137818f42,2026-08-08T17:38:18-07:00,2026-08-08T17:39:09-07:00,animal,animal,,,,,,,Animal,Animal,1,,,,,FALSE
25d4bab6-b152-4595-82d6-2c4b539bcb99,a8cfa427-9576-4cd9-b538-89c137818f42,2026-08-08T19:06:08-07:00,2026-08-08T19:06:18-07:00,animal,animal,,,,,,,Animal,Animal,1,,,,,FALSE
0030e1a1-a548-4a00-afdc-d964fda5fd46,188f1a8d-9ebb-4f84-a33c-06a92c469785,2026-08-08T19:13:25-07:00,2026-08-08T19:13:35-07:00,animal,animal,,,,,,,Animal,Animal,1,,,,,FALSE
c6a288c3-c92a-49d4-aa96-edac81b54532,a8cfa427-9576-4cd9-b538-89c137818f42,2026-08-08T19:49:12-07:00,2026-08-08T19:49:23-07:00,animal,animal,,,,,,,Animal,Animal,1,,,,,FALSE
892e703c-7379-450f-acde-7790222ed808,25446dba-7e72-4966-852e-135bc43ca60b,2026-08-08T20:30:33-07:00,2026-08-08T20:30:43-07:00,animal,animal,,,,,,,Animal,Animal,1,,,,,FALSE
2c9b1b79-34ae-4a63-896e-c0a981930819,a8cfa427-9576-4cd9-b538-89c137818f42,2026-08-09T04:50:34-07:00,2026-08-09T04:50:45-07:00,animal,animal,,,,,,,Animal,Animal,2,,,,,FALSE
84580f98-0640-4bfb-8110-f208bae32d8c,a8cfa427-9576-4cd9-b538-89c137818f42,2026-08-09T05:36:49-07:00,2026-08-09T05:37:00-07:00,animal,animal,,,,,,,Animal,Animal,1,,,,,FALSE
9ba6ddac-4024-4742-9b40-8448a862282a,25446dba-7e72-4966-852e-135bc43ca60b,2026-08-09T05:44:38-07:00,2026-08-09T05:44:48-07:00,animal,animal,,,,,,,Animal,Animal,1,,,,,FALSE
4c2092d5-4901-4b36-83aa-ac6b3c591566,25446dba-7e72-4966-852e-135bc43ca60b,2026-08-09T05:52:08-07:00,2026-08-09T05:52:18-07:00,animal,animal,,,,,,,Animal,Animal,1,,,,,FALSE
2cbe9d2d-6c23-4d60-962a-02872ea9c5e5,a8cfa427-9576-4cd9-b538-89c137818f42,2026-08-09T05:55:06-07:00,2026-08-09T05:55:17-07:00,animal,animal,,,,,,,Animal,Animal,1,,,,,FALSE
6bfb3153-0b28-4223-a5a8-1ef7fb448a20,25446dba-7e72-4966-852e-135bc43ca60b,2026-08-09T07:23:40-07:00,2026-08-09T07:23:50-07:00,animal,animal,,,,,,,Animal,Animal,1,,,,,FALSE
7fc740ab-29a4-4dbb-ad32-5ad5c97556c0,a8cfa427-9576-4cd9-b538-89c137818f42,2026-08-09T08:00:00-07:00,2026-08-09T08:00:39-07:00,animal,animal,,,,,,,Animal,Animal,1,,,,,FALSE
c687fc85-535f-45ae-bd30-107c729472aa,a8cfa427-9576-4cd9-b538-89c137818f42,2026-08-09T08:40:20-07:00,2026-08-09T08:40:31-07:00,animal,animal,,,,,,,Animal,Animal,1,,,,,FALSE
2c43bd73-aec9-4467-b106-9ccaefbcb55f,a8cfa427-9576-4cd9-b538-89c137818f42,2026-08-09T09:00:00-07:00,2026-08-09T09:00:37-07:00,animal,animal,,,,,,,Animal,Animal,1,,,,,FALSE
2868103c-aa2d-401b-83db-175568e5a0e2,a8cfa427-9576-4cd9-b538-89c137818f42,2026-08-09T09:17:26-07:00,2026-08-09T09:17:37-07:00,animal,animal,,,,,,,Animal,Animal,1,,,,,FALSE
ccfbbde6-a982-432d-a95f-41ec553d5262,25446dba-7e72-4966-852e-135bc43ca60b,2026-08-09T09:40:44-07:00,2026-08-09T09:40:54-07:00,animal,animal,,,,,,,Animal,Animal,1,,,,,FALSE
8991f1d2-c3e1-4522-a772-7d5281170744,25446dba-7e72-4966-852e-135bc43ca60b,2026-08-09T10:05:23-07:00,2026-08-09T10:05:33-07:00,animal,animal,,,,,,,Animal,Animal,1,,,,,FALSE
31c84b73-ba94-44b3-ad5f-223b830afce7,25446dba-7e72-4966-852e-135bc43ca60b,2026-08-09T11:09:55-07:00,2026-08-09T11:10:05-07:00,animal,animal,,,,,,,Animal,Animal,2,,,,,FALSE
2c400132-42a4-45b8-9438-7c4f5685dfc6,25446dba-7e72-4966-852e-135bc43ca60b,2026-08-09T12:57:03-07:00,2026-08-09T12:57:35-07:00,animal,animal,,,,,,,Animal,Animal,1,,,,,FALSE
7862aac9-a80a-4e18-8d81-bf3210dd0607,a8cfa427-9576-4cd9-b538-89c137818f42,2026-08-09T13:47:17-07:00,2026-08-09T13:47:28-07:00,animal,animal,,,,,,,Animal,Animal,1,,,,,FALSE
a8b4ba2b-76b3-41bf-848d-7693028d54e2,a8cfa427-9576-4cd9-b538-89c137818f42,2026-08-09T14:48:55-07:00,2026-08-09T14:49:06-07:00,animal,animal,,,,,,,Animal,Animal,2,,,,,FALSE
33116eef-164e-4001-b6a9-2d85b0db9786,25446dba-7e72-4966-852e-135bc43ca60b,2026-08-09T14:54:33-07:00,2026-08-09T14:54:43-07:00,animal,animal,,,,,,,Animal,Animal,1,,,,,FALSE
581bfee5-04c5-467e-9fe3-d4a9b8c4ef8c,a8cfa427-9576-4cd9-b538-89c137818f42,2026-08-09T18:15:35-07:00,2026-08-09T18:16:11-07:00,animal,animal,,,,,,,Animal,Animal,1,,,,,FALSE
0b3b1e04-5f6a-4331-a96a-cd26543800fe,188f1a8d-9ebb-4f84-a33c-06a92c469785,2026-08-09T18:20:21-07:00,2026-08-09T18:20:31-07:00,animal,Ground Squirrel,,,,,,,Ground Squirrel,Ground Squirrel,1,,,,,FALSE
854bb237-c47d-46f9-9f1f-244b939951e7,a8cfa427-9576-4cd9-b538-89c137818f42,2026-08-09T18:33:15-07:00,2026-08-09T18:33:26-07:00,animal,animal,,,,,,,Animal,Animal,1,,,,,FALSE
2774d875-a7e2-4c96-b701-9fa8e1496f86,a8cfa427-9576-4cd9-b538-89c137818f42,2026-08-09T18:41:31-07:00,2026-08-09T18:41:42-07:00,animal,animal,,,,,,,Animal,Animal,1,,,,,FALSE
ad5c2e7b-eba8-4963-ba92-d3dcfc02ace6,a8cfa427-9576-4cd9-b538-89c137818f42,2026-08-09T20:10:14-07:00,2026-08-09T20:10:25-07:00,animal,animal,,,,,,,Animal,Animal,1,,,,,FALSE
6a734f6b-4b47-44fc-8bda-10e8099f043e,a8cfa427-9576-4cd9-b538-89c137818f42,2026-08-09T20:43:41-07:00,2026-08-09T20:43:52-07:00,animal,Ermine,,,,,,,Ermine,Ermine,1,,,,,FALSE
6bbdbf4e-7d8e-429b-a63f-b3ba83557b2b,a8cfa427-9576-4cd9-b538-89c137818f42,2026-08-10T05:12:10-07:00,2026-08-10T05:12:50-07:00,animal,animal,,,,,,,Animal,Animal,1,,,,,FALSE
9ef43d56-7fe5-44db-9f3b-675a078d66ce,25446dba-7e72-4966-852e-135bc43ca60b,2026-08-10T05:38:46-07:00,2026-08-10T05:38:56-07:00,animal,animal,,,,,,,Animal,Animal,1,,,,,FALSE
3c9b5780-9a1b-471a-96f1-466501552987,25446dba-7e72-4966-852e-135bc43ca60b,2026-08-10T07:25:24-07:00,2026-08-10T07:27:09-07:00,animal,animal,,,,,,,Animal,Animal,1,,,,,FALSE
885bbb75-c651-4279-8d02-fb85d1680c23,a8cfa427-9576-4cd9-b538-89c137818f42,2026-08-10T10:17:55-07:00,2026-08-10T10:18:32-07:00,animal,animal,,,,,,,Animal,Animal,2,,,,,FALSE
b2fb0b99-33fd-4224-8526-2dfa3e1100e7,a8cfa427-9576-4cd9-b538-89c137818f42,2026-08-10T12:00:00-07:00,2026-08-10T12:01:04-07:00,animal,animal,,,,,,,Animal,Animal,1,,,,,FALSE
5c2fad8f-0d7f-4b8d-a204-f2e7b103b94e,25446dba-7e72-4966-852e-135bc43ca60b,2026-08-10T12:06:43-07:00,2026-08-10T12:06:53-07:00,person,unknown,,,,,,,Unknown,Unknown,1,,,,,FALSE
447f1c5f-140b-4ec1-a16b-0ef8b507be28,25446dba-7e72-4966-852e-135bc43ca60b,2026-08-10T13:42:30-07:00,2026-08-10T13:42:40-07:00,animal,animal,,,,,,,Animal,Animal,1,,,,,FALSE
57e5c2d3-8fe3-4f7a-935b-79c24ac57fab,25446dba-7e72-4966-852e-135bc43ca60b,2026-08-10T21:28:13-07:00,2026-08-10T21:28:23-07:00,animal,animal,,,,,,,Animal,Animal,1,,,,,FALSE
6f47cd35-7eab-4fc2-a7a0-9f9aaab1a55a,a8cfa427-9576-4cd9-b538-89c137818f42,2026-08-11T05:45:30-07:00,2026-08-11T05:46:04-07:00,animal,animal,,,,,,,Animal,Animal,1,,,,,FALSE
002d908a-896d-4198-973e-61ec12195abd,a8cfa427-9576-4cd9-b538-89c137818f42,2026-08-11T06:30:28-07:00,2026-08-11T06:31:06-07:00,animal,animal,,,,,,,Animal,Animal,1,,,,,FALSE
0f5fe047-58fa-44ce-a535-3c36e9945b3d,25446dba-7e72-4966-852e-135bc43ca60b,2026-08-11T06:39:35-07:00,2026-08-11T06:40:50-07:00,animal,animal,,,,,,,Animal,Animal,1,,,,,FALSE
4a391f4e-3b50-4c5b-90c0-bc3cac13ce51,25446dba-7e72-4966-852e-135bc43ca60b,2026-08-11T07:28:56-07:00,2026-08-11T07:29:06-07:00,animal,animal,,,,,,,Animal,Animal,1,,,,,FALSE
f2ef9aac-69d7-404d-864b-69c6422476cb,25446dba-7e72-4966-852e-135bc43ca60b,2026-08-11T08:22:52-07:00,2026-08-11T08:23:02-07:00,animal,animal,,,,,,,Animal,Animal,1,,,,,FALSE
8bef98f2-ece4-4ad1-bfb9-41d38a3cb941,a8cfa427-9576-4cd9-b538-89c137818f42,2026-08-11T08:36:27-07:00,2026-08-11T08:37:21-07:00,animal,animal,,,,,,,Animal,Animal,1,,,,,FALSE
8dd5027f-525c-4d2e-9e37-49c819405761,a8cfa427-9576-4cd9-b538-89c137818f42,2026-08-11T08:41:44-07:00,2026-08-11T08:43:57-07:00,animal,animal,,,,,,,Animal,Animal,1,,,,,FALSE
f344fda2-fe92-4ef8-b304-e1ce1113243f,25446dba-7e72-4966-852e-135bc43ca60b,2026-08-11T09:27:16-07:00,2026-08-11T09:27:57-07:00,animal,animal,,,,,,,Animal,Animal,2,,,,,FALSE
04e137d3-2134-4686-8e18-1529fab4a03d,25446dba-7e72-4966-852e-135bc43ca60b,2026-08-11T09:45:30-07:00,2026-08-11T09:45:40-07:00,animal,animal,,,,,,,Animal,Animal,1,,,,,FALSE
0514c211-156e-4fa6-9ec1-6eca75cf2f6f,25446dba-7e72-4966-852e-135bc43ca60b,2026-08-11T10:00:00-07:00,2026-08-11T10:00:51-07:00,animal,animal,,,,,,,Animal,Animal,1,,,,,FALSE
6891692d-d623-4173-8d41-7aa20d261b17,25446dba-7e72-4966-852e-135bc43ca60b,2026-08-11T11:07:56-07:00,2026-08-11T11:08:06-07:00,animal,Ground Squirrel,,,,,,,Ground Squirrel,Ground Squirrel,1,,,,,FALSE
6ed23f0c-3090-4ca7-b082-14197b172c43,25446dba-7e72-4966-852e-135bc43ca60b,2026-08-11T11:34:06-07:00,2026-08-11T11:34:16-07:00,animal,animal,,,,,,,Animal,Animal,1,,,,,FALSE
bd86b060-0fc2-4529-89d4-0bebe379f915,a8cfa427-9576-4cd9-b538-89c137818f42,2026-08-11T11:39:42-07:00,2026-08-11T11:44:36-07:00,animal,animal,,,,,,,Animal,Animal,1,,,,,FALSE
5e182a2d-42a0-4562-9486-416c31f09099,a8cfa427-9576-4cd9-b538-89c137818f42,2026-08-11T14:06:09-07:00,2026-08-11T14:07:42-07:00,animal,animal,,,,,,,Animal,Animal,1,,,,,FALSE
816bb1c1-afa5-4813-85b6-22db942fe111,a8cfa427-9576-4cd9-b538-89c137818f42,2026-08-11T14:29:21-07:00,2026-08-11T14:29:32-07:00,animal,animal,,,,,,,Animal,Animal,1,,,,,FALSE
820b1d0c-a705-407c-b9eb-68af021cfc0e,a8cfa427-9576-4cd9-b538-89c137818f42,2026-08-11T16:48:05-07:00,2026-08-11T16:48:55-07:00,animal,animal,,,,,,,Animal,Animal,1,,,,,FALSE
6e362769-4e66-49f3-9fcc-850d6ea0c35a,25446dba-7e72-4966-852e-135bc43ca60b,2026-08-11T17:25:45-07:00,2026-08-11T17:25:55-07:00,animal,animal,,,,,,,Animal,Animal,1,,,,,FALSE
cf683282-e0ed-4c6a-93fa-60331e84e5cb,a8cfa427-9576-4cd9-b538-89c137818f42,2026-08-11T18:57:48-07:00,2026-08-11T18:57:59-07:00,animal,animal,,,,,,,Animal,Animal,1,,,,,FALSE
3596a69c-6a7a-4dae-8221-bc0cccc9c0f1,25446dba-7e72-4966-852e-135bc43ca60b,2026-08-11T18:59:39-07:00,2026-08-11T19:00:01-07:00,animal,animal,,,,,,,Animal,Animal,1,,,,,FALSE
e1d855bc-ec5e-4f43-8bfe-e086851669ab,a8cfa427-9576-4cd9-b538-89c137818f42,2026-08-11T19:16:34-07:00,2026-08-11T19:16:45-07:00,animal,animal,,,,,,,Animal,Animal,1,,,,,FALSE
48b33c25-d457-409c-ab49-23f2908afbac,a8cfa427-9576-4cd9-b538-89c137818f42,2026-08-12T05:59:27-07:00,2026-08-12T06:00:00-07:00,animal,animal,,,,,,,Animal,Animal,1,,,,,FALSE
8737e079-5453-4a3f-b8f6-d4e451d783e6,25446dba-7e72-4966-852e-135bc43ca60b,2026-08-12T06:06:53-07:00,2026-08-12T06:07:04-07:00,animal,unknown,,,,,,,Unknown,Unknown,1,,,,,FALSE
db604e1b-6844-472c-835e-4759a7ca75dd,25446dba-7e72-4966-852e-135bc43ca60b,2026-08-12T07:56:06-07:00,2026-08-12T07:56:16-07:00,animal,animal,,,,,,,Animal,Animal,1,,,,,FALSE
92aff2e0-ef01-4a2c-8eb9-535c0ad3ea4f,a8cfa427-9576-4cd9-b538-89c137818f42,2026-08-12T08:05:11-07:00,2026-08-12T08:05:22-07:00,animal,animal,,,,,,,Animal,Animal,1,,,,,FALSE
e99d2d3e-1831-47e2-a6bd-82b67d9f74f4,a8cfa427-9576-4cd9-b538-89c137818f42,2026-08-12T08:24:03-07:00,2026-08-12T08:24:36-07:00,animal,animal,,,,,,,Animal,Animal,1,,,,,FALSE
a7878724-02fa-48b1-afb2-8c64c49b15f1,a8cfa427-9576-4cd9-b538-89c137818f42,2026-08-12T08:43:00-07:00,2026-08-12T08:43:11-07:00,animal,animal,,,,,,,Animal,Animal,1,,,,,FALSE
6e65d8eb-042b-4217-b5e8-d7c9cb6973fd,a8cfa427-9576-4cd9-b538-89c137818f42,2026-08-12T08:47:40-07:00,2026-08-12T08:47:51-07:00,animal,animal,,,,,,,Animal,Animal,1,,,,,FALSE
15af50d8-5c61-4295-97f9-2c1a11193eaa,a8cfa427-9576-4cd9-b538-89c137818f42,2026-08-12T08:56:00-07:00,2026-08-12T08:56:11-07:00,animal,animal,,,,,,,Animal,Animal,1,,,,,FALSE
4284c605-ad90-4995-814f-7c6b8f777560,a8cfa427-9576-4cd9-b538-89c137818f42,2026-08-12T08:58:33-07:00,2026-08-12T09:00:00-07:00,animal,animal,,,,,,,Animal,Animal,1,,,,,FALSE
13889614-4a96-45a6-9ce1-84131c75ba6f,25446dba-7e72-4966-852e-135bc43ca60b,2026-08-12T09:40:33-07:00,2026-08-12T09:42:22-07:00,animal,animal,,,,,,,Animal,Animal,1,,,,,FALSE
4e144ba3-f1d3-4cda-b545-7f015653ac38,a8cfa427-9576-4cd9-b538-89c137818f42,2026-08-12T10:02:56-07:00,2026-08-12T10:03:34-07:00,animal,animal,,,,,,,Animal,Animal,1,,,,,FALSE
c7ce23da-4d1d-4b24-bd2a-d78e23c08fba,a8cfa427-9576-4cd9-b538-89c137818f42,2026-08-12T11:05:24-07:00,2026-08-12T11:06:25-07:00,animal,animal,,,,,,,Animal,Animal,1,,,,,FALSE
0b898817-0cf0-4691-9dc2-141feaf70880,25446dba-7e72-4966-852e-135bc43ca60b,2026-08-12T11:55:02-07:00,2026-08-12T11:55:36-07:00,animal,animal,,,,,,,Animal,Animal,1,,,,,FALSE
d1590c84-54f2-4129-a78c-ba4f48dc942e,a8cfa427-9576-4cd9-b538-89c137818f42,2026-08-12T14:03:11-07:00,2026-08-12T14:04:11-07:00,animal,animal,,,,,,,Animal,Animal,1,,,,,FALSE
725c78bc-d523-46ab-9409-f6b1ef11f5d2,25446dba-7e72-4966-852e-135bc43ca60b,2026-08-12T15:32:15-07:00,2026-08-12T15:32:25-07:00,animal,animal,,,,,,,Animal,Animal,1,,,,,FALSE
b38038eb-e077-4403-ae1f-9efa137ac902,a8cfa427-9576-4cd9-b538-89c137818f42,2026-08-12T16:10:41-07:00,2026-08-12T16:10:52-07:00,animal,animal,,,,,,,Animal,Animal,1,,,,,FALSE
1adf8a2b-2214-4ccb-80ce-051f4cd3093e,a8cfa427-9576-4cd9-b538-89c137818f42,2026-08-12T16:18:41-07:00,2026-08-12T16:19:15-07:00,animal,animal,,,,,,,Animal,Animal,1,,,,,FALSE
48f72faf-f9c2-4591-9f3e-db8ae658db88,a8cfa427-9576-4cd9-b538-89c137818f42,2026-08-12T17:02:50-07:00,2026-08-12T17:03:01-07:00,animal,animal,,,,,,,Animal,Animal,1,,,,,FALSE
c9da8bd9-1723-4d07-af16-7ed5a1c3c168,a8cfa427-9576-4cd9-b538-89c137818f42,2026-08-12T17:55:29-07:00,2026-08-12T17:56:03-07:00,animal,animal,,,,,,,Animal,Animal,1,,,,,FALSE
5ebfe9bc-8207-40a0-860f-a22ab94d9462,a8cfa427-9576-4cd9-b538-89c137818f42,2026-08-12T18:41:35-07:00,2026-08-12T18:41:46-07:00,animal,animal,,,,,,,Animal,Animal,1,,,,,FALSE
0b54dd63-37cd-40a2-8669-6a86c91731ee,188f1a8d-9ebb-4f84-a33c-06a92c469785,2026-08-12T19:03:16-07:00,2026-08-12T19:03:26-07:00,animal,Bird,,,,,,,Bird,Bird,1,,,,,FALSE
84cc911c-5e20-4902-92e3-bb3f002b5049,25446dba-7e72-4966-852e-135bc43ca60b,2026-08-12T21:05:19-07:00,2026-08-12T21:05:29-07:00,animal,animal,,,,,,,Animal,Animal,1,,,,,FALSE
a4adcfe5-f4a4-4838-990b-07762d2e03c1,a8cfa427-9576-4cd9-b538-89c137818f42,2026-08-13T05:16:17-07:00,2026-08-13T05:16:53-07:00,animal,animal,,,,,,,Animal,Animal,2,,,,,FALSE
85da68f6-f183-4444-ba74-08408da9551a,25446dba-7e72-4966-852e-135bc43ca60b,2026-08-13T06:30:48-07:00,2026-08-13T06:30:59-07:00,animal,animal,,,,,,,Animal,Animal,1,,,,,FALSE
462c9cf9-437e-4aa5-990e-3f58fdbf714b,a8cfa427-9576-4cd9-b538-89c137818f42,2026-08-13T07:00:00-07:00,2026-08-13T07:00:29-07:00,animal,animal,,,,,,,Animal,Animal,1,,,,,FALSE
95bf36aa-ba7d-4294-974e-c027096e04b5,a8cfa427-9576-4cd9-b538-89c137818f42,2026-08-13T07:11:40-07:00,2026-08-13T07:11:51-07:00,animal,animal,,,,,,,Animal,Animal,1,,,,,FALSE
051724a2-572e-4e94-b43a-25378c000472,a8cfa427-9576-4cd9-b538-89c137818f42,2026-08-13T07:36:17-07:00,2026-08-13T07:36:28-07:00,animal,animal,,,,,,,Animal,Animal,1,,,,,FALSE
5cf51178-5153-4354-affe-8e6de09dbaf3,a8cfa427-9576-4cd9-b538-89c137818f42,2026-08-13T07:43:24-07:00,2026-08-13T07:43:35-07:00,animal,animal,,,,,,,Animal,Animal,1,,,,,FALSE
c0ad1f3b-7ce6-428e-a48f-403b3ace7531,a8cfa427-9576-4cd9-b538-89c137818f42,2026-08-13T07:57:01-07:00,2026-08-13T07:57:12-07:00,animal,animal,,,,,,,Animal,Animal,1,,,,,FALSE
4f8d9d04-1e88-45bb-9e1b-3e8a74faaf91,a8cfa427-9576-4cd9-b538-89c137818f42,2026-08-13T08:02:17-07:00,2026-08-13T08:02:28-07:00,animal,animal,,,,,,,Animal,Animal,1,,,,,FALSE
31af1ca5-c2db-4dcb-b530-4d5c61578b12,a8cfa427-9576-4cd9-b538-89c137818f42,2026-08-13T08:05:30-07:00,2026-08-13T08:05:41-07:00,animal,animal,,,,,,,Animal,Animal,1,,,,,FALSE
3f72c1ad-bc3e-4b3f-a994-dfd0fba8c410,a8cfa427-9576-4cd9-b538-89c137818f42,2026-08-13T08:08:02-07:00,2026-08-13T08:08:13-07:00,animal,animal,,,,,,,Animal,Animal,1,,,,,FALSE
d4e6dea7-96a9-462a-96ab-86b8f53d8759,a8cfa427-9576-4cd9-b538-89c137818f42,2026-08-13T08:16:06-07:00,2026-08-13T08:18:21-07:00,animal,animal,,,,,,,Animal,Animal,1,,,,,FALSE
3d47f379-cb07-47dd-9b6e-087163050191,a8cfa427-9576-4cd9-b538-89c137818f42,2026-08-13T08:22:59-07:00,2026-08-13T08:23:10-07:00,animal,animal,,,,,,,Animal,Animal,1,,,,,FALSE
d3abbbfa-b3d6-4440-9704-9f913b779657,a8cfa427-9576-4cd9-b538-89c137818f42,2026-08-13T08:51:45-07:00,2026-08-13T08:51:56-07:00,animal,animal,,,,,,,Animal,Animal,1,,,,,FALSE
b5e193e8-18f1-49e3-a4fd-e18016d77d09,a8cfa427-9576-4cd9-b538-89c137818f42,2026-08-13T09:04:08-07:00,2026-08-13T09:04:19-07:00,animal,animal,,,,,,,Animal,Animal,1,,,,,FALSE
e1134bd0-60e2-472d-aeb4-bb0bad372306,a8cfa427-9576-4cd9-b538-89c137818f42,2026-08-13T09:17:14-07:00,2026-08-13T09:17:25-07:00,animal,animal,,,,,,,Animal,Animal,1,,,,,FALSE
929264e3-1311-463f-9113-1c71a0f00e8e,a8cfa427-9576-4cd9-b538-89c137818f42,2026-08-13T09:22:51-07:00,2026-08-13T09:23:39-07:00,animal,animal,,,,,,,Animal,Animal,1,,,,,FALSE
aed0e8ad-19fb-4e7e-b97b-0f567459e3fe,a8cfa427-9576-4cd9-b538-89c137818f42,2026-08-13T09:53:22-07:00,2026-08-13T09:53:33-07:00,animal,animal,,,,,,,Animal,Animal,1,,,,,FALSE
94b44d61-31c3-4b63-840b-0a84c481b4cb,25446dba-7e72-4966-852e-135bc43ca60b,2026-08-13T10:42:59-07:00,2026-08-13T10:43:09-07:00,animal,animal,,,,,,,Animal,Animal,1,,,,,FALSE
f97ec54b-fa93-423b-b0c8-5dfb45426229,25446dba-7e72-4966-852e-135bc43ca60b,2026-08-13T11:57:39-07:00,2026-08-13T11:57:49-07:00,animal,animal,,,,,,,Animal,Animal,1,,,,,FALSE
fa06831c-6594-4755-8d11-e4f1b592f04b,a8cfa427-9576-4cd9-b538-89c137818f42,2026-08-13T13:32:11-07:00,2026-08-13T13:32:22-07:00,animal,animal,,,,,,,Animal,Animal,1,,,,,FALSE
74c4ea7b-caa9-4eac-83e4-9a9e3b9af90c,25446dba-7e72-4966-852e-135bc43ca60b,2026-08-13T14:16:09-07:00,2026-08-13T14:16:20-07:00,animal,animal,,,,,,,Animal,Animal,1,,,,,FALSE
32fddc0a-c444-4c94-a4f7-10b66b1c987e,188f1a8d-9ebb-4f84-a33c-06a92c469785,2026-08-13T15:13:04-07:00,2026-08-13T15:13:14-07:00,animal,animal,,,,,,,Animal,Animal,1,,,,,FALSE
3ba907e3-808e-4ffe-83c1-69f8d1131971,a8cfa427-9576-4cd9-b538-89c137818f42,2026-08-13T15:16:56-07:00,2026-08-13T15:17:41-07:00,animal,animal,,,,,,,Animal,Animal,1,,,,,FALSE
f82a07d1-7687-47a0-b58c-a5cb8815a990,25446dba-7e72-4966-852e-135bc43ca60b,2026-08-13T16:39:48-07:00,2026-08-13T16:39:58-07:00,animal,animal,,,,,,,Animal,Animal,1,,,,,FALSE
79de1b36-e4ab-47ae-a064-681db8e56304,25446dba-7e72-4966-852e-135bc43ca60b,2026-08-13T17:25:23-07:00,2026-08-13T17:25:33-07:00,animal,animal,,,,,,,Animal,Animal,1,,,,,FALSE
1a3237a4-4686-4eef-bae0-4199d4dabc63,a8cfa427-9576-4cd9-b538-89c137818f42,2026-08-13T18:12:57-07:00,2026-08-13T18:13:34-07:00,animal,animal,,,,,,,Animal,Animal,1,,,,,FALSE
baf5b936-a578-4e61-9755-f944c770ceb3,a8cfa427-9576-4cd9-b538-89c137818f42,2026-08-13T18:48:05-07:00,2026-08-13T18:48:16-07:00,animal,Ermine,,,,,,,Ermine,Ermine,1,,,,,FALSE
e16d35be-3db9-4757-9828-34ff52b6545f,a8cfa427-9576-4cd9-b538-89c137818f42,2026-08-13T22:13:34-07:00,2026-08-13T22:13:45-07:00,animal,animal,,,,,,,Animal,Animal,1,,,,,FALSE
cbf653d7-b7f2-4bbc-b79e-eb24b433cc1a,25446dba-7e72-4966-852e-135bc43ca60b,2026-08-13T22:37:04-07:00,2026-08-13T22:37:15-07:00,animal,animal,,,,,,,Animal,Animal,2,,,,,FALSE
f3a0b36a-7b6a-49fd-8c3b-1392641101e8,a8cfa427-9576-4cd9-b538-89c137818f42,2026-08-14T08:05:23-07:00,2026-08-14T08:05:34-07:00,animal,animal,,,,,,,Animal,Animal,1,,,,,FALSE
5577ade0-e2a1-4a4b-8bdc-d66606129793,a8cfa427-9576-4cd9-b538-89c137818f42,2026-08-14T08:42:31-07:00,2026-08-14T08:42:42-07:00,animal,animal,,,,,,,Animal,Animal,2,,,,,FALSE
817fc5d2-0cfd-4b84-9da6-c5cd129d522f,a8cfa427-9576-4cd9-b538-89c137818f42,2026-08-14T08:54:54-07:00,2026-08-14T08:55:05-07:00,animal,animal,,,,,,,Animal,Animal,1,,,,,FALSE
871c620b-a4f6-4383-add3-cc9b9fb3068a,a8cfa427-9576-4cd9-b538-89c137818f42,2026-08-14T09:00:00-07:00,2026-08-14T09:00:33-07:00,animal,animal,,,,,,,Animal,Animal,1,,,,,FALSE
13589b4b-1563-48fa-b888-416e535a3832,a8cfa427-9576-4cd9-b538-89c137818f42,2026-08-14T09:10:56-07:00,2026-08-14T09:11:07-07:00,animal,animal,,,,,,,Animal,Animal,1,,,,,FALSE
0203e2f0-e505-47ab-a237-45da102ec2a7,a8cfa427-9576-4cd9-b538-89c137818f42,2026-08-14T09:14:59-07:00,2026-08-14T09:16:04-07:00,animal,animal,,,,,,,Animal,Animal,1,,,,,FALSE
443297b6-746e-4286-94c7-356e8e75358e,a8cfa427-9576-4cd9-b538-89c137818f42,2026-08-14T10:06:41-07:00,2026-08-14T10:06:52-07:00,animal,animal,,,,,,,Animal,Animal,1,,,,,FALSE
9f4db406-f65d-4b55-85db-94b6d61fa740,a8cfa427-9576-4cd9-b538-89c137818f42,2026-08-14T10:24:12-07:00,2026-08-14T10:24:23-07:00,animal,animal,,,,,,,Animal,Animal,1,,,,,FALSE
3d796292-d8ca-4448-9785-2e59ef0f1452,a8cfa427-9576-4cd9-b538-89c137818f42,2026-08-14T11:00:00-07:00,2026-08-14T11:01:50-07:00,animal,animal,,,,,,,Animal,Animal,1,,,,,FALSE
f1867880-4eab-42a6-bf4f-dacee11feef1,a8cfa427-9576-4cd9-b538-89c137818f42,2026-08-14T11:33:37-07:00,2026-08-14T11:33:48-07:00,animal,animal,,,,,,,Animal,Animal,1,,,,,FALSE
dd2f9eab-26b9-46ca-85be-0eb736dfedbe,25446dba-7e72-4966-852e-135bc43ca60b,2026-08-14T12:03:20-07:00,2026-08-14T12:03:30-07:00,animal,animal,,,,,,,Animal,Animal,1,,,,,FALSE
40c57673-9f12-42b5-a2d7-fdfdb9e11624,a8cfa427-9576-4cd9-b538-89c137818f42,2026-08-14T12:22:44-07:00,2026-08-14T12:22:55-07:00,animal,animal,,,,,,,Animal,Animal,1,,,,,FALSE
aeef2d05-255c-4b6f-a62c-f737018b8bff,a8cfa427-9576-4cd9-b538-89c137818f42,2026-08-14T15:03:42-07:00,2026-08-14T15:03:53-07:00,animal,animal,,,,,,,Animal,Animal,1,,,,,FALSE
06b82c7d-6300-48a5-a5a7-98dd4f6f422c,25446dba-7e72-4966-852e-135bc43ca60b,2026-08-14T17:27:57-07:00,2026-08-14T17:28:08-07:00,animal,animal,,,,,,,Animal,Animal,2,,,,,FALSE
5f7e8c66-972f-47ce-849f-9383f69176be,a8cfa427-9576-4cd9-b538-89c137818f42,2026-08-14T18:38:32-07:00,2026-08-14T18:39:09-07:00,animal,animal,,,,,,,Animal,Animal,2,,,,,FALSE
132bb4ea-561c-44a4-acc3-6b3c2417da49,a8cfa427-9576-4cd9-b538-89c137818f42,2026-08-15T00:11:46-07:00,2026-08-15T00:12:23-07:00,animal,animal,,,,,,,Animal,Animal,1,,,,,FALSE
399f6074-0860-4c28-a772-9750195d1671,188f1a8d-9ebb-4f84-a33c-06a92c469785,2026-08-15T05:21:28-07:00,2026-08-15T05:21:38-07:00,animal,animal,,,,,,,Animal,Animal,1,,,,,FALSE
2ce9ac8e-68da-4e04-a0c8-13abb8ec5964,25446dba-7e72-4966-852e-135bc43ca60b,2026-08-15T05:49:49-07:00,2026-08-15T05:49:59-07:00,animal,animal,,,,,,,Animal,Animal,1,,,,,FALSE
c793b66f-8534-4820-929b-57fae901f446,a8cfa427-9576-4cd9-b538-89c137818f42,2026-08-15T06:40:05-07:00,2026-08-15T06:40:45-07:00,animal,animal,,,,,,,Animal,Animal,1,,,,,FALSE
f4e57816-f911-4559-b66c-2ffcda6a6fe9,a8cfa427-9576-4cd9-b538-89c137818f42,2026-08-15T06:53:19-07:00,2026-08-15T06:53:30-07:00,animal,Bird,,,,,,,Bird,Bird,1,,,,,FALSE
ac732287-3fd4-4b11-87f9-a22137280ad9,a8cfa427-9576-4cd9-b538-89c137818f42,2026-08-15T08:06:45-07:00,2026-08-15T08:06:56-07:00,animal,animal,,,,,,,Animal,Animal,1,,,,,FALSE
1f84f9ea-32d1-4f3f-8ac6-29beab633f3b,188f1a8d-9ebb-4f84-a33c-06a92c469785,2026-08-15T09:00:00-07:00,2026-08-15T09:01:58-07:00,animal,Bird,,,,,,,Bird,Bird,1,,,,,FALSE
7950e0c9-4f5a-4cf7-859d-281a0ce5b245,25446dba-7e72-4966-852e-135bc43ca60b,2026-08-15T09:00:00-07:00,2026-08-15T09:01:26-07:00,animal,Bird,,,,,,,Bird,Bird,1,,,,,FALSE
8261c473-b6b8-4d99-aecc-b5d31744d5d1,188f1a8d-9ebb-4f84-a33c-06a92c469785,2026-08-15T09:26:03-07:00,2026-08-15T09:26:13-07:00,animal,animal,,,,,,,Animal,Animal,1,,,,,FALSE
26d5cf6d-3902-4f78-a5ca-61a4bef007dc,25446dba-7e72-4966-852e-135bc43ca60b,2026-08-15T11:39:04-07:00,2026-08-15T11:39:42-07:00,animal,animal,,,,,,,Animal,Animal,1,,,,,FALSE
1c4413dd-1f99-494c-b680-6044c6f44be4,a8cfa427-9576-4cd9-b538-89c137818f42,2026-08-15T13:04:02-07:00,2026-08-15T13:05:03-07:00,animal,animal,,,,,,,Animal,Animal,1,,,,,FALSE
5bec1cb3-e71a-496e-9b98-10de0e3975f9,25446dba-7e72-4966-852e-135bc43ca60b,2026-08-15T15:49:59-07:00,2026-08-15T15:50:09-07:00,animal,animal,,,,,,,Animal,Animal,2,,,,,FALSE
76135a1d-4e72-471b-b25b-833534aa915d,25446dba-7e72-4966-852e-135bc43ca60b,2026-08-15T15:52:44-07:00,2026-08-15T15:52:54-07:00,animal,animal,,,,,,,Animal,Animal,1,,,,,FALSE
8c5fd700-f96c-4ba9-83f5-25fcfe432380,a8cfa427-9576-4cd9-b538-89c137818f42,2026-08-15T16:47:41-07:00,2026-08-15T16:47:52-07:00,animal,animal,,,,,,,Animal,Animal,1,,,,,FALSE
29ee5915-d1ae-4fb2-a286-5a825b75c9f0,25446dba-7e72-4966-852e-135bc43ca60b,2026-08-15T17:57:31-07:00,2026-08-15T17:57:42-07:00,animal,animal,,,,,,,Animal,Animal,2,,,,,FALSE
50e4c4c0-643b-45a2-a7ef-6d1ebdbda2b5,25446dba-7e72-4966-852e-135bc43ca60b,2026-08-15T18:58:06-07:00,2026-08-15T19:00:00-07:00,animal,animal,,,,,,,Animal,Animal,1,,,,,FALSE
f08bdcdb-42d7-4f4c-b289-93746054e49c,a8cfa427-9576-4cd9-b538-89c137818f42,2026-08-15T19:02:12-07:00,2026-08-15T19:02:23-07:00,animal,animal,,,,,,,Animal,Animal,1,,,,,FALSE
bc8b8229-ca56-4aeb-affa-6ee8b9f85e5f,a8cfa427-9576-4cd9-b538-89c137818f42,2026-08-16T00:52:48-07:00,2026-08-16T00:53:28-07:00,animal,animal,,,,,,,Animal,Animal,2,,,,,FALSE
f5104713-6e79-4a84-a925-8ed6893ee869,a8cfa427-9576-4cd9-b538-89c137818f42,2026-08-16T04:27:38-07:00,2026-08-16T04:27:49-07:00,animal,animal,,,,,,,Animal,Animal,1,,,,,FALSE
0d47bd86-b130-4a14-b00f-98ca00bced96,a8cfa427-9576-4cd9-b538-89c137818f42,2026-08-16T06:44:43-07:00,2026-08-16T06:44:54-07:00,animal,animal,,,,,,,Animal,Animal,1,,,,,FALSE
9b6ef749-67c3-4e38-b697-68d285b4a23b,a8cfa427-9576-4cd9-b538-89c137818f42,2026-08-16T06:52:06-07:00,2026-08-16T06:52:17-07:00,animal,animal,,,,,,,Animal,Animal,1,,,,,FALSE
7667cab7-43fa-4d65-bba1-53ad374b6f14,a8cfa427-9576-4cd9-b538-89c137818f42,2026-08-16T07:05:04-07:00,2026-08-16T07:05:15-07:00,animal,animal,,,,,,,Animal,Animal,1,,,,,FALSE
73ee00b3-e448-47d0-8d39-4716d6785178,a8cfa427-9576-4cd9-b538-89c137818f42,2026-08-16T08:48:43-07:00,2026-08-16T08:48:54-07:00,animal,animal,,,,,,,Animal,Animal,1,,,,,FALSE
2c894de5-e22e-4244-a039-3b560722c41c,25446dba-7e72-4966-852e-135bc43ca60b,2026-08-16T11:38:46-07:00,2026-08-16T11:38:57-07:00,animal,animal,,,,,,,Animal,Animal,1,,,,,FALSE
20427f62-0e7b-4d79-bf86-b5e4f6ac8373,25446dba-7e72-4966-852e-135bc43ca60b,2026-08-16T12:15:57-07:00,2026-08-16T12:16:08-07:00,animal,animal,,,,,,,Animal,Animal,1,,,,,FALSE
e9bc795e-a9ec-4b7e-9029-e6d219e43ec1,a8cfa427-9576-4cd9-b538-89c137818f42,2026-08-16T13:22:26-07:00,2026-08-16T13:22:37-07:00,animal,animal,,,,,,,Animal,Animal,1,,,,,FALSE
ac6c58f4-ea86-42d5-b01f-3b0215f357fa,a8cfa427-9576-4cd9-b538-89c137818f42,2026-08-16T15:02:39-07:00,2026-08-16T15:02:50-07:00,animal,animal,,,,,,,Animal,Animal,1,,,,,FALSE
31debaa5-dcc9-44c3-a826-c4d90dee2f9c,a8cfa427-9576-4cd9-b538-89c137818f42,2026-08-16T16:07:22-07:00,2026-08-16T16:07:33-07:00,animal,animal,,,,,,,Animal,Animal,1,,,,,FALSE
c46d8eee-b7df-4374-b123-cec9e2210b86,a8cfa427-9576-4cd9-b538-89c137818f42,2026-08-16T22:46:38-07:00,2026-08-16T22:46:49-07:00,animal,animal,,,,,,,Animal,Animal,2,,,,,FALSE
c1cbee65-cc42-4608-9e65-d313dba1d895,a8cfa427-9576-4cd9-b538-89c137818f42,2026-08-17T05:26:28-07:00,2026-08-17T05:26:39-07:00,animal,animal,,,,,,,Animal,Animal,1,,,,,FALSE
b84533e4-87ba-432d-a64a-3aca657400c9,a8cfa427-9576-4cd9-b538-89c137818f42,2026-08-17T06:23:26-07:00,2026-08-17T06:23:37-07:00,animal,animal,,,,,,,Animal,Animal,1,,,,,FALSE
2576eea0-cbf7-4b22-847f-3fb320b20843,25446dba-7e72-4966-852e-135bc43ca60b,2026-08-17T09:07:53-07:00,2026-08-17T09:08:04-07:00,animal,animal,,,,,,,Animal,Animal,1,,,,,FALSE
782a0bad-5583-4f30-8e43-46a018bc7e2d,a8cfa427-9576-4cd9-b538-89c137818f42,2026-08-17T09:14:16-07:00,2026-08-17T09:14:50-07:00,animal,animal,,,,,,,Animal,Animal,1,,,,,FALSE
f60c1409-2605-4e5d-b480-8ec54bccc227,25446dba-7e72-4966-852e-135bc43ca60b,2026-08-17T09:44:40-07:00,2026-08-17T09:46:50-07:00,animal,animal,,,,,,,Animal,Animal,1,,,,,FALSE
6b2d6b55-b11d-453e-b829-bc34df345984,a8cfa427-9576-4cd9-b538-89c137818f42,2026-08-17T11:10:39-07:00,2026-08-17T11:11:53-07:00,animal,animal,,,,,,,Animal,Animal,1,,,,,FALSE
ccaa6dd5-b0ab-4cb7-9928-49d3f2a3d66d,a8cfa427-9576-4cd9-b538-89c137818f42,2026-08-17T14:05:14-07:00,2026-08-17T14:05:25-07:00,animal,animal,,,,,,,Animal,Animal,1,,,,,FALSE
7f27528b-a297-41d6-a4e3-bf762bfd4c44,a8cfa427-9576-4cd9-b538-89c137818f42,2026-08-17T14:21:04-07:00,2026-08-17T14:21:15-07:00,animal,animal,,,,,,,Animal,Animal,1,,,,,FALSE
904af91c-e463-40eb-8026-e055959c5113,a8cfa427-9576-4cd9-b538-89c137818f42,2026-08-17T16:15:59-07:00,2026-08-17T16:16:10-07:00,animal,animal,,,,,,,Animal,Animal,1,,,,,FALSE
d07f3cb6-a78e-45ed-ae34-53f123f1ccd5,a8cfa427-9576-4cd9-b538-89c137818f42,2026-08-17T16:25:32-07:00,2026-08-17T16:26:07-07:00,animal,animal,,,,,,,Animal,Animal,1,,,,,FALSE
1ad7ad24-d437-4130-9d2d-4bcbc2a9b885,25446dba-7e72-4966-852e-135bc43ca60b,2026-08-17T16:44:46-07:00,2026-08-17T16:44:57-07:00,animal,animal,,,,,,,Animal,Animal,1,,,,,FALSE
e27ac746-6f1e-4936-ae77-4ae430ff6f77,a8cfa427-9576-4cd9-b538-89c137818f42,2026-08-17T18:16:34-07:00,2026-08-17T18:16:45-07:00,animal,animal,,,,,,,Animal,Animal,1,,,,,FALSE
27ef11cb-1577-4bae-9713-3b2b33fb021b,a8cfa427-9576-4cd9-b538-89c137818f42,2026-08-17T22:31:30-07:00,2026-08-17T22:31:41-07:00,animal,animal,,,,,,,Animal,Animal,1,,,,,FALSE
a6b4a51d-496e-4110-bae7-f5126d56da80,25446dba-7e72-4966-852e-135bc43ca60b,2026-08-18T06:12:45-07:00,2026-08-18T06:13:21-07:00,animal,animal,,,,,,,Animal,Animal,1,,,,,FALSE
810db9b1-6298-447a-86ee-2e5f86b39471,a8cfa427-9576-4cd9-b538-89c137818f42,2026-08-18T07:00:00-07:00,2026-08-18T07:00:44-07:00,animal,animal,,,,,,,Animal,Animal,1,,,,,FALSE
c581a316-a512-496c-a05d-ed4dce5404c9,a8cfa427-9576-4cd9-b538-89c137818f42,2026-08-18T08:28:44-07:00,2026-08-18T08:28:55-07:00,animal,animal,,,,,,,Animal,Animal,1,,,,,FALSE
4c0930ed-72be-4bf3-a150-843055431e2e,a8cfa427-9576-4cd9-b538-89c137818f42,2026-08-18T08:56:24-07:00,2026-08-18T08:56:35-07:00,animal,animal,,,,,,,Animal,Animal,1,,,,,FALSE
fa149634-5503-4b4d-986e-ae958a04f3fb,a8cfa427-9576-4cd9-b538-89c137818f42,2026-08-18T09:13:36-07:00,2026-08-18T09:13:47-07:00,animal,animal,,,,,,,Animal,Animal,2,,,,,FALSE
04dadbc8-b2a9-4727-ab21-d78828acdb52,a8cfa427-9576-4cd9-b538-89c137818f42,2026-08-18T09:25:08-07:00,2026-08-18T09:25:19-07:00,animal,animal,,,,,,,Animal,Animal,1,,,,,FALSE
ae272584-4c14-4245-ae12-97575497ba9c,a8cfa427-9576-4cd9-b538-89c137818f42,2026-08-18T09:29:29-07:00,2026-08-18T09:29:40-07:00,animal,animal,,,,,,,Animal,Animal,1,,,,,FALSE
2e4e48c8-1615-4605-b11d-6b1744fbcb11,a8cfa427-9576-4cd9-b538-89c137818f42,2026-08-18T09:55:19-07:00,2026-08-18T09:55:53-07:00,animal,Ground Squirrel,,,,,,,Ground Squirrel,Ground Squirrel,1,,,,,FALSE
ee1697f5-5689-4334-9617-b7688c8ba185,a8cfa427-9576-4cd9-b538-89c137818f42,2026-08-18T10:45:41-07:00,2026-08-18T10:47:26-07:00,animal,animal,,,,,,,Animal,Animal,1,,,,,FALSE
be204487-cebf-4c5c-a29d-b5394bb13dae,a8cfa427-9576-4cd9-b538-89c137818f42,2026-08-18T10:51:37-07:00,2026-08-18T10:51:48-07:00,animal,animal,,,,,,,Animal,Animal,1,,,,,FALSE
0d7d17f1-ce74-4f51-847a-b2cfaa5f66b1,a8cfa427-9576-4cd9-b538-89c137818f42,2026-08-18T11:07:20-07:00,2026-08-18T11:07:31-07:00,animal,animal,,,,,,,Animal,Animal,1,,,,,FALSE
4c0ddf09-fbb3-4039-84e6-b02f9cc19200,a8cfa427-9576-4cd9-b538-89c137818f42,2026-08-18T11:12:41-07:00,2026-08-18T11:12:52-07:00,animal,animal,,,,,,,Animal,Animal,1,,,,,FALSE
367ede16-80ad-4369-9e9f-08ea24dec3c6,a8cfa427-9576-4cd9-b538-89c137818f42,2026-08-18T11:20:24-07:00,2026-08-18T11:20:35-07:00,animal,animal,,,,,,,Animal,Animal,1,,,,,FALSE
3b0b46cc-5480-41e5-b7cf-f8a320944d9b,a8cfa427-9576-4cd9-b538-89c137818f42,2026-08-18T11:43:31-07:00,2026-08-18T11:43:42-07:00,animal,animal,,,,,,,Animal,Animal,1,,,,,FALSE
29e5a695-921b-4922-80d1-55f879035b42,188f1a8d-9ebb-4f84-a33c-06a92c469785,2026-08-18T14:16:24-07:00,2026-08-18T14:16:57-07:00,person,person,,,,,,,Person,Person,1,,,,,FALSE
e532f342-6f09-44cc-8eb9-5a06336dda31,25446dba-7e72-4966-852e-135bc43ca60b,2026-08-18T14:19:43-07:00,2026-08-18T14:20:42-07:00,person,person,,,,,,,Person,Person,1,,,,,FALSE
