#,Date-Time (MST),Temperature ,RH ,Dew Point 
1,07-27-2026 12:43:28,18.33,46.18,6.58
2,07-27-2026 12:53:28,17.36,46.94,5.93
3,07-27-2026 13:03:28,15.07,52.89,5.55
4,07-27-2026 13:13:28,14.24,55.65,5.51
5,07-27-2026 13:23:28,14.02,55.95,5.38
6,07-27-2026 13:33:28,14.09,54.87,5.17
7,07-27-2026 13:43:28,13.92,55.38,5.14
8,07-27-2026 13:53:28,13.79,54.93,4.9
9,07-27-2026 14:03:28,13.87,53.72,4.66
10,07-27-2026 14:13:28,13.97,54.44,4.94
11,07-27-2026 14:23:28,13.93,53.63,4.69
12,07-27-2026 14:33:28,14.04,53.15,4.67
13,07-27-2026 14:43:28,14.14,53.7,4.9
14,07-27-2026 14:53:28,14.3,52.56,4.75
15,07-27-2026 15:03:28,14.4,50.07,4.15
16,07-27-2026 15:13:28,14.36,51.57,4.53
17,07-27-2026 15:23:28,14.37,49.33,3.9
18,07-27-2026 15:33:28,14.3,51.21,4.38
19,07-27-2026 15:43:28,14.37,50.9,4.35
20,07-27-2026 15:53:28,14.5,51.65,4.68
21,07-27-2026 16:03:28,14.73,49.13,4.17
22,07-27-2026 16:13:28,14.79,50.05,4.5
23,07-27-2026 16:23:28,14.64,49.27,4.13
24,07-27-2026 16:33:28,14.59,48.46,3.85
25,07-27-2026 16:43:28,14.51,50.39,4.34
26,07-27-2026 16:53:28,14.71,49.13,4.16
27,07-27-2026 17:03:28,14.74,49.43,4.27
28,07-27-2026 17:13:28,15.04,48.76,4.35
29,07-27-2026 17:23:28,15.22,48.74,4.51
30,07-27-2026 17:33:28,15.28,47.35,4.16
31,07-27-2026 17:43:28,15.26,45.02,3.42
32,07-27-2026 17:53:28,14.48,51.19,4.54
33,07-27-2026 18:03:28,13.66,53.27,4.34
34,07-27-2026 18:13:28,13.22,56.48,4.77
35,07-27-2026 18:23:28,13.06,56.75,4.69
36,07-27-2026 18:33:28,12.66,62.4,5.68
37,07-27-2026 18:43:28,12.21,65.64,5.98
38,07-27-2026 18:53:28,11.69,69.38,6.29
39,07-27-2026 19:03:28,11.48,69.52,6.12
40,07-27-2026 19:13:28,11.4,69.51,6.03
41,07-27-2026 19:23:28,11.29,69.74,5.97
42,07-27-2026 19:33:28,11.15,69.17,5.72
43,07-27-2026 19:43:28,10.91,70.54,5.78
44,07-27-2026 19:53:28,10.63,72.24,5.85
45,07-27-2026 20:03:28,10.22,74.29,5.86
46,07-27-2026 20:13:28,10.08,76.17,6.09
47,07-27-2026 20:23:28,10.07,75.45,5.94
48,07-27-2026 20:33:28,10.09,76.87,6.23
49,07-27-2026 20:43:28,10.12,76.08,6.11
50,07-27-2026 20:53:28,9.95,78.07,6.32
51,07-27-2026 21:03:28,9.7,78.4,6.13
52,07-27-2026 21:13:28,9.61,81.45,6.6
53,07-27-2026 21:23:28,9.55,80.85,6.43
54,07-27-2026 21:33:28,9.44,85.13,7.08
55,07-27-2026 21:43:28,9.28,81.5,6.29
56,07-27-2026 21:53:28,9.2,83.05,6.48
57,07-27-2026 22:03:28,9.1,82.38,6.27
58,07-27-2026 22:13:28,9.01,82.27,6.16
59,07-27-2026 22:23:28,8.84,82.03,5.95
60,07-27-2026 22:33:28,8.84,81.29,5.82
61,07-27-2026 22:43:28,8.62,82.12,5.75
62,07-27-2026 22:53:28,8.36,83.43,5.72
63,07-27-2026 23:03:28,8.17,83.21,5.5
64,07-27-2026 23:13:28,8,83.03,5.3
65,07-27-2026 23:23:28,7.74,82.72,4.99
66,07-27-2026 23:33:28,7.54,82.99,4.84
67,07-27-2026 23:43:28,7.37,82.12,4.53
68,07-27-2026 23:53:28,7.32,82.25,4.5
69,07-28-2026 00:03:28,7.34,80.91,4.29
70,07-28-2026 00:13:28,7.26,80.51,4.14
71,07-28-2026 00:23:28,7.23,80.32,4.08
72,07-28-2026 00:33:28,7.05,83.19,4.4
73,07-28-2026 00:43:28,6.87,82.53,4.11
74,07-28-2026 00:53:28,6.74,83.54,4.16
75,07-28-2026 01:03:28,6.61,83.69,4.06
76,07-28-2026 01:13:28,6.49,83.2,3.85
77,07-28-2026 01:23:28,6.42,83.48,3.83
78,07-28-2026 01:33:28,6.35,83.8,3.82
79,07-28-2026 01:43:28,6.29,83.56,3.71
80,07-28-2026 01:53:28,6.26,83.58,3.69
81,07-28-2026 02:03:28,6.2,83.58,3.64
82,07-28-2026 02:13:28,6.16,84.13,3.68
83,07-28-2026 02:23:28,6.15,83.92,3.64
84,07-28-2026 02:33:28,6.12,83.3,3.5
85,07-28-2026 02:43:28,6.05,83.65,3.5
86,07-28-2026 02:53:28,6.01,84.28,3.56
87,07-28-2026 03:03:28,5.95,84.76,3.59
88,07-28-2026 03:13:28,5.92,84.45,3.51
89,07-28-2026 03:23:28,5.9,85.13,3.59
90,07-28-2026 03:33:28,5.81,84.55,3.41
91,07-28-2026 03:43:28,5.76,84.85,3.41
92,07-28-2026 03:53:28,5.7,85.4,3.45
93,07-28-2026 04:03:28,5.59,84.67,3.22
94,07-28-2026 04:13:28,5.48,85.68,3.28
95,07-28-2026 04:23:28,5.46,84.31,3.03
96,07-28-2026 04:33:28,5.43,84.56,3.05
97,07-28-2026 04:43:28,5.34,85.35,3.08
98,07-28-2026 04:53:28,5.4,85.27,3.13
99,07-28-2026 05:03:28,5.36,85.77,3.17
100,07-28-2026 05:13:28,5.39,85.34,3.13
101,07-28-2026 05:23:28,5.37,85.59,3.15
102,07-28-2026 05:33:28,5.32,86.35,3.23
103,07-28-2026 05:43:28,5.14,85.03,2.84
104,07-28-2026 05:53:28,5.03,85.59,2.82
105,07-28-2026 06:03:28,4.94,85.81,2.76
106,07-28-2026 06:13:28,4.85,86.54,2.8
107,07-28-2026 06:23:28,4.9,87.13,2.94
108,07-28-2026 06:33:28,5.01,87.92,3.18
109,07-28-2026 06:43:28,4.96,87.68,3.09
110,07-28-2026 06:53:28,4.98,88.1,3.17
111,07-28-2026 07:03:28,5.04,86.92,3.05
112,07-28-2026 07:13:28,5.11,87.97,3.28
113,07-28-2026 07:23:28,5.17,88.91,3.5
114,07-28-2026 07:33:28,5.3,89.72,3.76
115,07-28-2026 07:43:28,5.38,89.26,3.76
116,07-28-2026 07:53:28,5.47,89.24,3.84
117,07-28-2026 08:03:28,5.58,89.62,4.01
118,07-28-2026 08:13:28,5.71,89.61,4.14
119,07-28-2026 08:23:28,5.88,89.79,4.34
120,07-28-2026 08:33:28,6.05,89.69,4.49
121,07-28-2026 08:43:28,6.27,89.77,4.72
122,07-28-2026 08:53:28,6.45,89.12,4.79
123,07-28-2026 09:03:28,6.63,89.22,4.99
124,07-28-2026 09:13:28,6.83,88.75,5.11
125,07-28-2026 09:23:28,7.16,88.53,5.4
126,07-28-2026 09:33:28,7.41,87.66,5.51
127,07-28-2026 09:43:28,7.71,87.57,5.78
128,07-28-2026 09:53:28,8.06,86.27,5.92
129,07-28-2026 10:03:28,8.01,85.39,5.72
130,07-28-2026 10:13:28,7.9,85.27,5.59
131,07-28-2026 10:23:28,7.87,84.98,5.52
132,07-28-2026 10:33:28,7.8,85.08,5.46
133,07-28-2026 10:43:28,7.58,85.62,5.33
134,07-28-2026 10:53:28,7.62,85.38,5.33
135,07-28-2026 11:03:28,7.61,85.85,5.41
136,07-28-2026 11:13:28,7.71,85.61,5.46
137,07-28-2026 11:23:28,7.59,85.66,5.35
138,07-28-2026 11:33:28,7.6,86.14,5.44
139,07-28-2026 11:43:28,7.76,85.89,5.56
140,07-28-2026 11:53:28,7.86,85.39,5.57
141,07-28-2026 12:03:28,7.74,85.17,5.41
142,07-28-2026 12:13:28,7.67,85.17,5.35
143,07-28-2026 12:23:28,7.81,85.09,5.47
144,07-28-2026 12:33:28,7.79,85.08,5.45
145,07-28-2026 12:43:28,7.78,84.7,5.37
146,07-28-2026 12:53:28,7.76,84.27,5.28
147,07-28-2026 13:03:28,7.76,85.38,5.47
148,07-28-2026 13:13:28,7.8,85.51,5.53
149,07-28-2026 13:23:28,7.9,85,5.55
150,07-28-2026 13:33:28,7.87,84.55,5.43
151,07-28-2026 13:43:28,8.14,84.77,5.74
152,07-28-2026 13:53:28,8.51,82.91,5.78
153,07-28-2026 14:03:28,8.66,82.75,5.9
154,07-28-2026 14:13:28,8.72,82.35,5.89
155,07-28-2026 14:23:28,8.9,81.8,5.96
156,07-28-2026 14:33:28,8.94,81.8,6.01
157,07-28-2026 14:43:28,9.17,80.9,6.07
158,07-28-2026 14:53:28,9.36,80.25,6.14
159,07-28-2026 15:03:28,9.34,80.23,6.12
160,07-28-2026 15:13:28,9.73,80.52,6.55
161,07-28-2026 15:23:28,9.96,78,6.31
162,07-28-2026 15:33:28,9.93,77.11,6.12
163,07-28-2026 15:43:28,9.74,76.91,5.9
164,07-28-2026 15:53:28,9.74,77.3,5.97
165,07-28-2026 16:03:28,9.66,78.06,6.04
166,07-28-2026 16:13:28,9.58,77.32,5.82
167,07-28-2026 16:23:28,9.56,77.82,5.89
168,07-28-2026 16:33:28,9.67,77.44,5.93
169,07-28-2026 16:43:28,9.66,78.77,6.16
170,07-28-2026 16:53:28,9.61,79.68,6.28
171,07-28-2026 17:03:28,9.56,78.66,6.05
172,07-28-2026 17:13:28,9.68,80.67,6.53
173,07-28-2026 17:23:28,9.77,79.02,6.31
174,07-28-2026 17:33:28,9.74,76.97,5.91
175,07-28-2026 17:43:28,9.77,77.48,6.03
176,07-28-2026 17:53:28,9.87,76.28,5.91
177,07-28-2026 18:03:28,9.93,76.33,5.97
178,07-28-2026 18:13:28,9.94,75.41,5.8
179,07-28-2026 18:23:28,9.94,75.98,5.92
180,07-28-2026 18:33:28,10.02,76.18,6.03
181,07-28-2026 18:43:28,10.02,74.82,5.77
182,07-28-2026 18:53:28,10.05,75.94,6.02
183,07-28-2026 19:03:28,10.18,74.87,5.93
184,07-28-2026 19:13:28,10.26,74.09,5.86
185,07-28-2026 19:23:28,10.22,75.03,6
186,07-28-2026 19:33:28,10.12,74.48,5.8
187,07-28-2026 19:43:28,10.18,73.49,5.66
188,07-28-2026 19:53:28,9.97,75.04,5.76
189,07-28-2026 20:03:28,9.79,74.39,5.46
190,07-28-2026 20:13:28,9.77,75.29,5.62
191,07-28-2026 20:23:28,9.72,74.02,5.32
192,07-28-2026 20:33:28,9.55,73.84,5.13
193,07-28-2026 20:43:28,9.22,75.43,5.11
194,07-28-2026 20:53:28,9.07,76.99,5.26
195,07-28-2026 21:03:28,9.08,76.65,5.2
196,07-28-2026 21:13:28,8.94,76.26,4.99
197,07-28-2026 21:23:28,8.82,76.47,4.92
198,07-28-2026 21:33:28,8.63,77.02,4.84
199,07-28-2026 21:43:28,8.6,77.35,4.87
200,07-28-2026 21:53:28,8.56,77.03,4.77
201,07-28-2026 22:03:28,8.53,77.66,4.86
202,07-28-2026 22:13:28,8.29,77.57,4.61
203,07-28-2026 22:23:28,8.04,78.17,4.48
204,07-28-2026 22:33:28,7.86,78.97,4.45
205,07-28-2026 22:43:28,7.73,78.96,4.32
206,07-28-2026 22:53:28,7.59,79.84,4.34
207,07-28-2026 23:03:28,7.5,79.82,4.25
208,07-28-2026 23:13:28,7.37,79.54,4.07
209,07-28-2026 23:23:28,7.2,79.84,3.96
210,07-28-2026 23:33:28,7,80.38,3.86
211,07-28-2026 23:43:28,6.9,80.8,3.83
212,07-28-2026 23:53:28,6.8,81.08,3.79
213,07-29-2026 00:03:28,6.69,81.18,3.7
214,07-29-2026 00:13:28,6.53,81.28,3.56
215,07-29-2026 00:23:28,6.39,81.45,3.45
216,07-29-2026 00:33:28,6.28,81.76,3.4
217,07-29-2026 00:43:28,6.16,82.14,3.35
218,07-29-2026 00:53:28,6.13,82.5,3.38
219,07-29-2026 01:03:28,6.19,83,3.52
220,07-29-2026 01:13:28,6.14,83.53,3.57
221,07-29-2026 01:23:28,6.12,84.38,3.69
222,07-29-2026 01:33:28,5.94,82.85,3.26
223,07-29-2026 01:43:28,5.9,83.65,3.35
224,07-29-2026 01:53:28,5.86,85.56,3.63
225,07-29-2026 02:03:28,5.9,85.04,3.59
226,07-29-2026 02:13:28,5.76,84.13,3.3
227,07-29-2026 02:23:28,5.62,83.98,3.13
228,07-29-2026 02:33:28,5.62,85.28,3.35
229,07-29-2026 02:43:28,5.59,85.49,3.35
230,07-29-2026 02:53:28,5.62,86.01,3.47
231,07-29-2026 03:03:28,5.69,85.49,3.45
232,07-29-2026 03:13:28,5.56,84.68,3.19
233,07-29-2026 03:23:28,5.53,85.9,3.36
234,07-29-2026 03:33:28,5.24,84.92,2.92
235,07-29-2026 03:43:28,5.26,86.22,3.15
236,07-29-2026 03:53:28,5.3,86.3,3.2
237,07-29-2026 04:03:28,5.4,86.91,3.4
238,07-29-2026 04:13:28,5.21,85.77,3.03
239,07-29-2026 04:23:28,5.18,87.01,3.2
240,07-29-2026 04:33:28,5.08,87.07,3.11
241,07-29-2026 04:43:28,5.2,87.51,3.3
242,07-29-2026 04:53:28,5.16,86.54,3.1
243,07-29-2026 05:03:28,5.1,87.23,3.16
244,07-29-2026 05:13:28,5.03,86.49,2.97
245,07-29-2026 05:23:28,5.03,87.88,3.19
246,07-29-2026 05:33:28,5.22,88.1,3.41
247,07-29-2026 05:43:28,5.3,87,3.31
248,07-29-2026 05:53:28,5.31,87.43,3.4
249,07-29-2026 06:03:28,5.37,87.2,3.42
250,07-29-2026 06:13:28,5.42,86.71,3.39
251,07-29-2026 06:23:28,5.43,86.8,3.42
252,07-29-2026 06:33:28,5.45,86.83,3.44
253,07-29-2026 06:43:28,5.45,86.13,3.32
254,07-29-2026 06:53:28,5.47,84.69,3.1
255,07-29-2026 07:03:28,5.62,84.85,3.28
256,07-29-2026 07:13:28,5.75,84.81,3.4
257,07-29-2026 07:23:28,5.85,84.19,3.39
258,07-29-2026 07:33:28,5.88,82.46,3.13
259,07-29-2026 07:43:28,5.94,84.05,3.45
260,07-29-2026 07:53:28,6.05,81.18,3.08
261,07-29-2026 08:03:28,6,81.76,3.12
262,07-29-2026 08:13:28,6.03,81.66,3.14
263,07-29-2026 08:23:28,6.3,82.11,3.48
264,07-29-2026 08:33:28,7.04,81.16,4.04
265,07-29-2026 08:43:28,7.78,77.95,4.19
266,07-29-2026 08:53:28,8.65,74.7,4.42
267,07-29-2026 09:03:28,9.07,73.63,4.62
268,07-29-2026 09:13:28,9.42,71.53,4.54
269,07-29-2026 09:23:28,9.87,69.47,4.56
270,07-29-2026 09:33:28,10.45,67.57,4.72
271,07-29-2026 09:43:28,10.8,65.87,4.69
272,07-29-2026 09:53:28,11.05,63.41,4.38
273,07-29-2026 10:03:28,11.26,62.65,4.41
274,07-29-2026 10:13:28,11.38,62.37,4.46
275,07-29-2026 10:23:28,11.66,62.27,4.69
276,07-29-2026 10:33:28,12.11,59.95,4.58
277,07-29-2026 10:43:28,12.56,57.72,4.46
278,07-29-2026 10:53:28,13.08,55.45,4.37
279,07-29-2026 11:03:28,12.91,56.1,4.38
280,07-29-2026 11:13:28,12.35,56.89,4.06
281,07-29-2026 11:23:28,12.12,59.32,4.43
282,07-29-2026 11:33:28,11.73,59.62,4.15
283,07-29-2026 11:43:28,11.57,61.65,4.47
284,07-29-2026 11:53:28,11.41,59.93,3.92
285,07-29-2026 12:03:28,11.01,60.47,3.66
286,07-29-2026 12:13:28,10.9,60.79,3.64
287,07-29-2026 12:23:28,10.95,61.23,3.79
288,07-29-2026 12:33:28,11.05,61.37,3.92
289,07-29-2026 12:43:28,11.04,60.02,3.59
290,07-29-2026 12:53:28,10.95,58.61,3.17
291,07-29-2026 13:03:28,10.8,60.34,3.44
292,07-29-2026 13:13:28,10.9,59.5,3.34
293,07-29-2026 13:23:28,11.04,60.21,3.63
294,07-29-2026 13:33:28,11.19,59.95,3.72
295,07-29-2026 13:43:28,11.42,58.48,3.58
296,07-29-2026 13:53:28,11.55,59.1,3.85
297,07-29-2026 14:03:28,11.66,59.31,4.01
298,07-29-2026 14:13:28,11.62,58.85,3.85
299,07-29-2026 14:23:28,11.89,58.77,4.09
300,07-29-2026 14:33:28,12.13,55.55,3.52
301,07-29-2026 14:43:28,12.3,57.16,4.08
302,07-29-2026 14:53:28,12.41,55.91,3.86
303,07-29-2026 15:03:28,12.61,56.22,4.13
304,07-29-2026 15:13:28,12.9,56.12,4.38
305,07-29-2026 15:23:28,12.87,54.29,3.88
306,07-29-2026 15:33:28,12.73,54.62,3.83
307,07-29-2026 15:43:28,12.77,54.39,3.81
308,07-29-2026 15:53:28,13.2,53.61,4.01
309,07-29-2026 16:03:28,13.5,53.59,4.28
310,07-29-2026 16:13:28,13.94,51.42,4.09
311,07-29-2026 16:23:28,13.9,51.16,3.99
312,07-29-2026 16:33:28,14.11,46.54,2.84
313,07-29-2026 16:43:28,14.3,48.67,3.65
314,07-29-2026 16:53:28,14.21,49.67,3.86
315,07-29-2026 17:03:28,14.38,48.48,3.67
316,07-29-2026 17:13:28,14.22,47.93,3.36
317,07-29-2026 17:23:28,14,49.65,3.65
318,07-29-2026 17:33:28,13.94,49.55,3.57
319,07-29-2026 17:43:28,13.76,50.46,3.66
320,07-29-2026 17:53:28,13.51,50.85,3.54
321,07-29-2026 18:03:28,13.31,51.76,3.61
322,07-29-2026 18:13:28,13.36,51.27,3.52
323,07-29-2026 18:23:28,13.58,50.27,3.44
324,07-29-2026 18:33:28,13.56,49.52,3.21
325,07-29-2026 18:43:28,13.24,49.78,2.99
326,07-29-2026 18:53:28,13.06,50.69,3.08
327,07-29-2026 19:03:28,12.79,50.29,2.72
328,07-29-2026 19:13:28,12.61,51.62,2.92
329,07-29-2026 19:23:28,12.56,50.24,2.5
330,07-29-2026 19:33:28,12.33,51.24,2.56
331,07-29-2026 19:43:28,12.13,51.14,2.35
332,07-29-2026 19:53:28,12.08,52.77,2.74
333,07-29-2026 20:03:28,12.03,52.29,2.57
334,07-29-2026 20:13:28,12.01,53.06,2.76
335,07-29-2026 20:23:28,11.76,52.66,2.41
336,07-29-2026 20:33:28,11.65,54.07,2.68
337,07-29-2026 20:43:28,11.59,54.38,2.71
338,07-29-2026 20:53:28,11.39,53.57,2.31
339,07-29-2026 21:03:28,11.23,53.39,2.11
340,07-29-2026 21:13:28,11.08,55.02,2.4
341,07-29-2026 21:23:28,10.9,55.01,2.23
342,07-29-2026 21:33:28,10.83,55.49,2.28
343,07-29-2026 21:43:28,10.72,55.15,2.09
344,07-29-2026 21:53:28,10.58,55.23,1.98
345,07-29-2026 22:03:28,10.39,55.74,1.94
346,07-29-2026 22:13:28,10.29,55.6,1.81
347,07-29-2026 22:23:28,10.21,55.91,1.81
348,07-29-2026 22:33:28,10.1,57.17,2.02
349,07-29-2026 22:43:28,9.92,57.54,1.94
350,07-29-2026 22:53:28,9.8,58.44,2.05
351,07-29-2026 23:03:28,9.57,59.3,2.03
352,07-29-2026 23:13:28,9.46,58.62,1.77
353,07-29-2026 23:23:28,9.39,58.68,1.72
354,07-29-2026 23:33:28,9.35,58.25,1.58
355,07-29-2026 23:43:28,9.26,58.06,1.44
356,07-29-2026 23:53:28,9.12,59.35,1.62
357,07-30-2026 00:03:28,8.99,59.08,1.44
358,07-30-2026 00:13:28,8.91,59.74,1.52
359,07-30-2026 00:23:28,8.84,60.28,1.58
360,07-30-2026 00:33:28,8.67,60.68,1.51
361,07-30-2026 00:43:28,8.36,63.32,1.81
362,07-30-2026 00:53:28,8.13,62.9,1.5
363,07-30-2026 01:03:28,8,64.94,1.82
364,07-30-2026 01:13:28,7.9,64.69,1.67
365,07-30-2026 01:23:28,7.75,64.38,1.46
366,07-30-2026 01:33:28,7.7,65.2,1.59
367,07-30-2026 01:43:28,7.69,64.87,1.51
368,07-30-2026 01:53:28,7.62,65.91,1.67
369,07-30-2026 02:03:28,7.56,65.13,1.44
370,07-30-2026 02:13:28,7.55,64.83,1.36
371,07-30-2026 02:23:28,7.55,65.76,1.57
372,07-30-2026 02:33:28,7.49,66.38,1.64
373,07-30-2026 02:43:28,7.44,66.67,1.65
374,07-30-2026 02:53:28,7.45,66.18,1.56
375,07-30-2026 03:03:28,7.45,66.05,1.53
376,07-30-2026 03:13:28,7.46,66.1,1.55
377,07-30-2026 03:23:28,7.48,65.36,1.41
378,07-30-2026 03:33:28,7.44,67.2,1.77
379,07-30-2026 03:43:28,7.41,67.07,1.7
380,07-30-2026 03:53:28,7.38,68.19,1.91
381,07-30-2026 04:03:28,7.35,68.21,1.88
382,07-30-2026 04:13:28,7.28,68.91,1.96
383,07-30-2026 04:23:28,7.27,68.5,1.87
384,07-30-2026 04:33:28,7.27,68.93,1.96
385,07-30-2026 04:43:28,7.24,69.39,2.02
386,07-30-2026 04:53:28,7.16,69.84,2.04
387,07-30-2026 05:03:28,7,71.98,2.3
388,07-30-2026 05:13:28,6.91,73.78,2.56
389,07-30-2026 05:23:28,6.88,73.23,2.43
390,07-30-2026 05:33:28,6.79,76.09,2.88
391,07-30-2026 05:43:28,6.68,77.22,2.98
392,07-30-2026 05:53:28,6.65,77.4,2.99
393,07-30-2026 06:03:28,6.58,78.96,3.2
394,07-30-2026 06:13:28,6.58,77.79,2.99
395,07-30-2026 06:23:28,6.57,79.54,3.29
396,07-30-2026 06:33:28,6.47,80.04,3.28
397,07-30-2026 06:43:28,6.4,81.34,3.44
398,07-30-2026 06:53:28,6.33,82.09,3.5
399,07-30-2026 07:03:28,6.41,83.64,3.85
400,07-30-2026 07:13:28,6.37,83.44,3.77
401,07-30-2026 07:23:28,6.31,83.21,3.68
402,07-30-2026 07:33:28,6.36,83.77,3.82
403,07-30-2026 07:43:28,6.38,84,3.88
404,07-30-2026 07:53:28,6.47,82.92,3.78
405,07-30-2026 08:03:28,6.5,83.07,3.84
406,07-30-2026 08:13:28,6.67,84.98,4.33
407,07-30-2026 08:23:28,6.74,84.53,4.32
408,07-30-2026 08:33:28,6.76,82.42,3.99
409,07-30-2026 08:43:28,6.76,83.97,4.24
410,07-30-2026 08:53:28,6.66,84.1,4.18
411,07-30-2026 09:03:28,6.73,85.44,4.47
412,07-30-2026 09:13:28,6.77,84.81,4.4
413,07-30-2026 09:23:28,6.77,84.99,4.43
414,07-30-2026 09:33:28,6.78,84.66,4.39
415,07-30-2026 09:43:28,6.98,84.67,4.58
416,07-30-2026 09:53:28,7.12,83.05,4.45
417,07-30-2026 10:03:28,7.26,84.49,4.83
418,07-30-2026 10:13:28,7.35,84.33,4.89
419,07-30-2026 10:23:28,7.28,81.87,4.4
420,07-30-2026 10:33:28,7.13,84.03,4.62
421,07-30-2026 10:43:28,7.01,84.32,4.55
422,07-30-2026 10:53:28,7.07,84.97,4.72
423,07-30-2026 11:03:28,7.23,84.9,4.87
424,07-30-2026 11:13:28,7.26,83.84,4.71
425,07-30-2026 11:23:28,7.36,84.28,4.89
426,07-30-2026 11:33:28,7.51,84.32,5.04
427,07-30-2026 11:43:28,7.64,83.69,5.06
428,07-30-2026 11:53:28,7.72,83.48,5.1
429,07-30-2026 12:03:28,7.79,83.13,5.12
430,07-30-2026 12:13:28,7.75,83.69,5.17
431,07-30-2026 12:23:28,7.71,83.56,5.11
432,07-30-2026 12:33:28,7.7,83.98,5.17
433,07-30-2026 12:43:28,7.8,85.03,5.45
434,07-30-2026 12:53:28,7.87,83.72,5.29
435,07-30-2026 13:03:28,7.99,83.82,5.43
436,07-30-2026 13:13:28,8.08,82.87,5.35
437,07-30-2026 13:23:28,8.13,82.96,5.42
438,07-30-2026 13:33:28,8.33,83.18,5.65
439,07-30-2026 13:43:28,8.55,82.88,5.82
440,07-30-2026 13:53:28,8.72,81.21,5.69
441,07-30-2026 14:03:28,8.73,79.77,5.44
442,07-30-2026 14:13:28,8.96,80.77,5.84
443,07-30-2026 14:23:28,9.08,81.84,6.15
444,07-30-2026 14:33:28,9.06,80.48,5.89
445,07-30-2026 14:43:28,8.92,79.55,5.59
446,07-30-2026 14:53:28,8.74,79.26,5.36
447,07-30-2026 15:03:28,8.61,79.5,5.27
448,07-30-2026 15:13:28,8.5,80.42,5.33
449,07-30-2026 15:23:28,8.41,80.91,5.33
450,07-30-2026 15:33:28,8.41,79.48,5.08
451,07-30-2026 15:43:28,8.45,80.35,5.27
452,07-30-2026 15:53:28,8.37,80.58,5.23
453,07-30-2026 16:03:28,8.47,78.96,5.04
454,07-30-2026 16:13:28,8.51,80.42,5.34
455,07-30-2026 16:23:28,8.4,80.8,5.3
456,07-30-2026 16:33:28,8.21,81.26,5.2
457,07-30-2026 16:43:28,8.09,82.42,5.29
458,07-30-2026 16:53:28,8.13,82.65,5.37
459,07-30-2026 17:03:28,8.15,81.16,5.12
460,07-30-2026 17:13:28,8.15,81.99,5.27
461,07-30-2026 17:23:28,8.24,81.96,5.35
462,07-30-2026 17:33:28,8.17,82.75,5.42
463,07-30-2026 17:43:28,8.15,82.35,5.33
464,07-30-2026 17:53:28,8.08,82.1,5.22
465,07-30-2026 18:03:28,8.08,82.96,5.37
466,07-30-2026 18:13:28,8.1,82.27,5.27
467,07-30-2026 18:23:28,8.13,82.38,5.32
468,07-30-2026 18:33:28,8.14,82.56,5.36
469,07-30-2026 18:43:28,8.15,83.11,5.46
470,07-30-2026 18:53:28,8.11,81.67,5.17
471,07-30-2026 19:03:28,8.13,81.71,5.2
472,07-30-2026 19:13:28,8.14,81.78,5.22
473,07-30-2026 19:23:28,8.12,81.69,5.19
474,07-30-2026 19:33:28,8.11,81.05,5.06
475,07-30-2026 19:43:28,8.08,80.67,4.96
476,07-30-2026 19:53:28,8.07,81.92,5.18
477,07-30-2026 20:03:28,7.98,82.4,5.18
478,07-30-2026 20:13:28,7.87,82.65,5.11
479,07-30-2026 20:23:28,7.83,83.43,5.21
480,07-30-2026 20:33:28,7.77,83.08,5.09
481,07-30-2026 20:43:28,7.72,83.67,5.14
482,07-30-2026 20:53:28,7.69,83.56,5.09
483,07-30-2026 21:03:28,7.64,83.51,5.03
484,07-30-2026 21:13:28,7.58,83,4.88
485,07-30-2026 21:23:28,7.55,83.63,4.96
486,07-30-2026 21:33:28,7.48,82.91,4.78
487,07-30-2026 21:43:28,7.42,83.05,4.74
488,07-30-2026 21:53:28,7.37,82.96,4.67
489,07-30-2026 22:03:28,7.33,83.49,4.72
490,07-30-2026 22:13:28,7.26,84.53,4.84
491,07-30-2026 22:23:28,7.18,84.86,4.81
492,07-30-2026 22:33:28,7.08,84.87,4.72
493,07-30-2026 22:43:28,6.97,85.06,4.64
494,07-30-2026 22:53:28,6.88,84.92,4.53
495,07-30-2026 23:03:28,6.82,85.42,4.55
496,07-30-2026 23:13:28,6.76,85.88,4.57
497,07-30-2026 23:23:28,6.7,86.16,4.56
498,07-30-2026 23:33:28,6.6,86.54,4.52
499,07-30-2026 23:43:28,6.54,86.82,4.51
500,07-30-2026 23:53:28,6.53,86.59,4.46
501,07-31-2026 00:03:28,6.53,85.35,4.25
502,07-31-2026 00:13:28,6.44,85.95,4.27
503,07-31-2026 00:23:28,6.41,85.76,4.2
504,07-31-2026 00:33:28,6.33,87.5,4.41
505,07-31-2026 00:43:28,6.24,86.95,4.24
506,07-31-2026 00:53:28,6.16,85.85,3.98
507,07-31-2026 01:03:28,6.14,85.43,3.89
508,07-31-2026 01:13:28,6,87.13,4.03
509,07-31-2026 01:23:28,5.87,86.2,3.75
510,07-31-2026 01:33:28,5.83,87.02,3.85
511,07-31-2026 01:43:28,5.69,87.71,3.82
512,07-31-2026 01:53:28,5.58,86.95,3.58
513,07-31-2026 02:03:28,5.52,87.53,3.61
514,07-31-2026 02:13:28,5.45,87.4,3.53
515,07-31-2026 02:23:28,5.46,88.18,3.66
516,07-31-2026 02:33:28,5.49,87.52,3.59
517,07-31-2026 02:43:28,5.56,86.27,3.45
518,07-31-2026 02:53:28,5.52,87.88,3.67
519,07-31-2026 03:03:28,5.37,87.19,3.41
520,07-31-2026 03:13:28,5.31,87.18,3.36
521,07-31-2026 03:23:28,5.24,87.19,3.29
522,07-31-2026 03:33:28,5.23,87.51,3.33
523,07-31-2026 03:43:28,5.26,87.07,3.28
524,07-31-2026 03:53:28,5.26,87.66,3.39
525,07-31-2026 04:03:28,5.23,87.79,3.37
526,07-31-2026 04:13:28,5.23,87.84,3.38
527,07-31-2026 04:23:28,5.22,87.91,3.38
528,07-31-2026 04:33:28,5.21,87.95,3.38
529,07-31-2026 04:43:28,5.23,87.79,3.38
530,07-31-2026 04:53:28,5.3,87.57,3.41
531,07-31-2026 05:03:28,5.32,87.2,3.37
532,07-31-2026 05:13:28,5.32,87.18,3.37
533,07-31-2026 05:23:28,5.23,86.98,3.25
534,07-31-2026 05:33:28,5.21,87.74,3.35
535,07-31-2026 05:43:28,5.1,88.03,3.29
536,07-31-2026 05:53:28,5.07,88.26,3.29
537,07-31-2026 06:03:28,5.08,87.88,3.24
538,07-31-2026 06:13:28,5.13,87.79,3.28
539,07-31-2026 06:23:28,5.12,88.63,3.4
540,07-31-2026 06:33:28,5.15,87.69,3.28
541,07-31-2026 06:43:28,5.19,88.14,3.4
542,07-31-2026 06:53:28,5.34,87.61,3.46
543,07-31-2026 07:03:28,5.41,87.29,3.47
544,07-31-2026 07:13:28,5.44,86.97,3.45
545,07-31-2026 07:23:28,5.54,87.95,3.7
546,07-31-2026 07:33:28,5.61,88.15,3.81
547,07-31-2026 07:43:28,5.75,88.51,4
548,07-31-2026 07:53:28,5.82,85.76,3.62
549,07-31-2026 08:03:28,5.94,82.73,3.24
550,07-31-2026 08:13:28,7.23,85.87,5.03
551,07-31-2026 08:23:28,7.55,83.82,5
552,07-31-2026 08:33:28,7.69,84.7,5.28
553,07-31-2026 08:43:28,7.94,81.25,4.94
554,07-31-2026 08:53:28,8.31,78.31,4.77
555,07-31-2026 09:03:28,8.56,76.32,4.64
556,07-31-2026 09:13:28,8.87,73.96,4.5
557,07-31-2026 09:23:28,9.2,71.23,4.27
558,07-31-2026 09:33:28,9.41,70.99,4.43
559,07-31-2026 09:43:28,9.82,69.94,4.6
560,07-31-2026 09:53:28,10.29,68.18,4.69
561,07-31-2026 10:03:28,10.66,67.27,4.86
562,07-31-2026 10:13:28,10.62,65.37,4.41
563,07-31-2026 10:23:28,11.03,62.13,4.07
564,07-31-2026 10:33:28,11.33,64.03,4.78
565,07-31-2026 10:43:28,11.47,60.19,4.03
566,07-31-2026 10:53:28,11.67,62.04,4.66
567,07-31-2026 11:03:28,11.69,63.55,5.02
568,07-31-2026 11:13:28,11.73,64.48,5.27
569,07-31-2026 11:23:28,11.64,63.15,4.88
570,07-31-2026 11:33:28,11.48,64.15,4.95
571,07-31-2026 11:43:28,11.65,64.36,5.16
572,07-31-2026 11:53:28,11.87,65.35,5.59
573,07-31-2026 12:03:28,11.96,63.49,5.26
574,07-31-2026 12:13:28,11.73,63.95,5.15
575,07-31-2026 12:23:28,11.73,62.99,4.92
576,07-31-2026 12:33:28,11.84,65.16,5.52
577,07-31-2026 12:43:28,11.95,62.88,5.11
578,07-31-2026 12:53:28,12.06,57.9,4.04
579,07-31-2026 13:03:28,12.27,60.38,4.84
580,07-31-2026 13:13:28,12.28,62.26,5.28
581,07-31-2026 13:23:28,12.08,62.54,5.15
582,07-31-2026 13:33:28,11.79,62.74,4.93
583,07-31-2026 13:43:28,11.71,62.63,4.83
584,07-31-2026 13:53:28,11.58,62.07,4.57
585,07-31-2026 14:03:28,11.49,60.62,4.16
586,07-31-2026 14:13:28,11.52,60.55,4.17
587,07-31-2026 14:23:28,11.69,62.32,4.74
588,07-31-2026 14:33:28,12,60.39,4.58
589,07-31-2026 14:43:28,12.19,61.09,4.92
590,07-31-2026 14:53:28,12.19,59.47,4.54
591,07-31-2026 15:03:28,12.27,58.27,4.33
592,07-31-2026 15:13:28,12.45,58.4,4.53
593,07-31-2026 15:23:28,12.69,55.72,4.07
594,07-31-2026 15:33:28,13.01,57,4.71
595,07-31-2026 15:43:28,13.07,54.42,4.1
596,07-31-2026 15:53:28,13.15,55.21,4.38
597,07-31-2026 16:03:28,13.16,54.05,4.09
598,07-31-2026 16:13:28,13.28,54.44,4.3
599,07-31-2026 16:23:28,13.03,55.8,4.42
600,07-31-2026 16:33:28,13,55.67,4.35
601,07-31-2026 16:43:28,12.87,55.92,4.3
602,07-31-2026 16:53:28,12.97,56.98,4.66
603,07-31-2026 17:03:28,13.53,55.74,4.87
604,07-31-2026 17:13:28,13.77,49.88,3.51
605,07-31-2026 17:23:28,14.15,51.14,4.22
606,07-31-2026 17:33:28,14.16,51.33,4.28
607,07-31-2026 17:43:28,14.16,52.1,4.49
608,07-31-2026 17:53:28,14.04,52.34,4.45
609,07-31-2026 18:03:28,13.87,52.76,4.4
610,07-31-2026 18:13:28,13.77,53.61,4.53
611,07-31-2026 18:23:28,13.69,53.4,4.4
612,07-31-2026 18:33:28,13.92,52.23,4.3
613,07-31-2026 18:43:28,14.12,51.93,4.41
614,07-31-2026 18:53:28,14.18,49.7,3.83
615,07-31-2026 19:03:28,14.15,49.86,3.86
616,07-31-2026 19:13:28,14.11,50.85,4.09
617,07-31-2026 19:23:28,13.93,51.3,4.05
618,07-31-2026 19:33:28,13.8,51.29,3.94
619,07-31-2026 19:43:28,13.73,50.35,3.6
620,07-31-2026 19:53:28,13.63,51.52,3.84
621,07-31-2026 20:03:28,13.56,51.8,3.85
622,07-31-2026 20:13:28,13.51,52.59,4.02
623,07-31-2026 20:23:28,13.36,53.08,4.01
624,07-31-2026 20:33:28,13.1,56.63,4.7
625,07-31-2026 20:43:28,12.66,55.67,4.04
626,07-31-2026 20:53:28,12.3,55.62,3.69
627,07-31-2026 21:03:28,11.98,57.41,3.84
628,07-31-2026 21:13:28,11.8,57.32,3.65
629,07-31-2026 21:23:28,11.78,59.11,4.07
630,07-31-2026 21:33:28,11.68,60.97,4.41
631,07-31-2026 21:43:28,11.68,59.66,4.11
632,07-31-2026 21:53:28,11.63,59.12,3.93
633,07-31-2026 22:03:28,11.62,60.75,4.31
634,07-31-2026 22:13:28,11.49,59.55,3.9
635,07-31-2026 22:23:28,11.41,59.1,3.71
636,07-31-2026 22:33:28,11.23,61.43,4.09
637,07-31-2026 22:43:28,11.01,63.69,4.41
638,07-31-2026 22:53:28,10.85,64.85,4.51
639,07-31-2026 23:03:28,10.71,65.36,4.49
640,07-31-2026 23:13:28,10.53,66,4.46
641,07-31-2026 23:23:28,10.35,66.09,4.3
642,07-31-2026 23:33:28,10.19,66.64,4.27
643,07-31-2026 23:43:28,9.89,67.85,4.24
644,07-31-2026 23:53:28,9.69,68.45,4.17
645,08-01-2026 00:03:28,9.26,69.4,3.96
646,08-01-2026 00:13:28,9.1,69.42,3.81
647,08-01-2026 00:23:28,8.85,70.47,3.78
648,08-01-2026 00:33:28,8.54,70.93,3.57
649,08-01-2026 00:43:28,8.35,72.27,3.66
650,08-01-2026 00:53:28,8.26,72.39,3.59
651,08-01-2026 01:03:28,8.09,71.99,3.36
652,08-01-2026 01:13:28,7.9,72.9,3.35
653,08-01-2026 01:23:28,7.76,73.51,3.34
654,08-01-2026 01:33:28,7.67,73.78,3.3
655,08-01-2026 01:43:28,7.61,74.42,3.37
656,08-01-2026 01:53:28,7.37,73.51,2.96
657,08-01-2026 02:03:28,7.22,74.48,2.99
658,08-01-2026 02:13:28,7.07,75.95,3.12
659,08-01-2026 02:23:28,6.99,75.64,2.99
660,08-01-2026 02:33:28,6.95,76.19,3.06
661,08-01-2026 02:43:28,6.91,77.26,3.21
662,08-01-2026 02:53:28,6.77,75.92,2.83
663,08-01-2026 03:03:28,6.72,76.13,2.83
664,08-01-2026 03:13:28,6.7,77,2.96
665,08-01-2026 03:23:28,6.8,76.9,3.04
666,08-01-2026 03:33:28,6.71,76.5,2.88
667,08-01-2026 03:43:28,6.7,76.88,2.93
668,08-01-2026 03:53:28,6.51,76.68,2.72
669,08-01-2026 04:03:28,6.39,76.75,2.61
670,08-01-2026 04:13:28,6.36,77.76,2.77
671,08-01-2026 04:23:28,6.28,78.24,2.78
672,08-01-2026 04:33:28,6.34,77.51,2.7
673,08-01-2026 04:43:28,6.27,77.43,2.62
674,08-01-2026 04:53:28,6.12,77.84,2.55
675,08-01-2026 05:03:28,6.08,79.11,2.74
676,08-01-2026 05:13:28,6.22,78.63,2.79
677,08-01-2026 05:23:28,6.29,78.84,2.89
678,08-01-2026 05:33:28,6.2,78.74,2.79
679,08-01-2026 05:43:28,6.23,78.84,2.83
680,08-01-2026 05:53:28,6.2,78.88,2.82
681,08-01-2026 06:03:28,6.31,78.32,2.82
682,08-01-2026 06:13:28,6.39,78.38,2.91
683,08-01-2026 06:23:28,6.43,78.09,2.9
684,08-01-2026 06:33:28,6.46,78.43,2.99
685,08-01-2026 06:43:28,6.52,78.52,3.06
686,08-01-2026 06:53:28,6.76,78.42,3.27
687,08-01-2026 07:03:28,6.87,79.23,3.53
688,08-01-2026 07:13:28,6.86,78.78,3.44
689,08-01-2026 07:23:28,7.18,78.07,3.62
690,08-01-2026 07:33:28,7.26,78.71,3.81
691,08-01-2026 07:43:28,7.48,77.91,3.88
692,08-01-2026 07:53:28,7.68,77.9,4.08
693,08-01-2026 08:03:28,7.82,75.7,3.8
694,08-01-2026 08:13:28,7.96,77.29,4.24
695,08-01-2026 08:23:28,8.04,77.51,4.36
696,08-01-2026 08:33:28,8.19,76.63,4.34
697,08-01-2026 08:43:28,8.53,75.42,4.44
698,08-01-2026 08:53:28,8.79,76.57,4.91
699,08-01-2026 09:03:28,9.03,76.46,5.12
700,08-01-2026 09:13:28,9.11,77.89,5.46
701,08-01-2026 09:23:28,9.27,77.4,5.53
702,08-01-2026 09:33:28,9.61,74.81,5.37
703,08-01-2026 09:43:28,9.86,72.95,5.25
704,08-01-2026 09:53:28,10.71,73.06,6.09
705,08-01-2026 10:03:28,11.94,69.05,6.45
706,08-01-2026 10:13:28,13.04,63.52,6.29
707,08-01-2026 10:23:28,14.11,60.6,6.62
708,08-01-2026 10:33:28,14.22,60.02,6.58
709,08-01-2026 10:43:28,13.44,62.03,6.33
710,08-01-2026 10:53:28,13.48,62.55,6.49
711,08-01-2026 11:03:28,13.62,62.15,6.52
712,08-01-2026 11:13:28,13.26,62.33,6.22
713,08-01-2026 11:23:28,13.68,61.33,6.39
714,08-01-2026 11:33:28,14.22,59.39,6.43
715,08-01-2026 11:43:28,14.48,59.17,6.62
716,08-01-2026 11:53:28,14.27,59.31,6.46
717,08-01-2026 12:03:28,14.06,59.11,6.21
718,08-01-2026 12:13:28,14.32,59.52,6.55
719,08-01-2026 12:23:28,14.42,58.68,6.44
720,08-01-2026 12:33:28,14.51,57.54,6.24
721,08-01-2026 12:43:28,14.36,58.04,6.23
722,08-01-2026 12:53:28,14.26,57.66,6.04
723,08-01-2026 13:03:28,14.36,58.57,6.36
724,08-01-2026 13:13:28,14.52,58.94,6.6
725,08-01-2026 13:23:28,14.76,57.04,6.35
726,08-01-2026 13:33:28,15.04,57.05,6.61
727,08-01-2026 13:43:28,15.15,55.53,6.33
728,08-01-2026 13:53:28,15.03,56.41,6.44
729,08-01-2026 14:03:28,15.04,55.74,6.28
730,08-01-2026 14:13:28,15.4,55.26,6.49
731,08-01-2026 14:23:28,15.55,54.15,6.33
732,08-01-2026 14:33:28,15.41,54.43,6.28
733,08-01-2026 14:43:28,15.37,53.89,6.09
734,08-01-2026 14:53:28,15.33,55.4,6.46
735,08-01-2026 15:03:28,15.44,54.29,6.27
736,08-01-2026 15:13:28,15.8,53.34,6.34
737,08-01-2026 15:23:28,16.08,51.09,5.99
738,08-01-2026 15:33:28,15.61,54.55,6.49
739,08-01-2026 15:43:28,15.24,55.26,6.34
740,08-01-2026 15:53:28,15.17,54.82,6.16
741,08-01-2026 16:03:28,15.44,54.16,6.23
742,08-01-2026 16:13:28,15.75,53.96,6.47
743,08-01-2026 16:23:28,15.8,52.39,6.08
744,08-01-2026 16:33:28,15.78,53.02,6.24
745,08-01-2026 16:43:28,15.94,53.18,6.43
746,08-01-2026 16:53:28,16.39,52.24,6.59
747,08-01-2026 17:03:28,16.55,52.84,6.91
748,08-01-2026 17:13:28,16.28,52.83,6.65
749,08-01-2026 17:23:28,16.21,53.5,6.77
750,08-01-2026 17:33:28,16.11,53.8,6.76
751,08-01-2026 17:43:28,16.03,53.94,6.73
752,08-01-2026 17:53:28,16.04,53.01,6.49
753,08-01-2026 18:03:28,16.19,53.67,6.8
754,08-01-2026 18:13:28,16.41,51.36,6.37
755,08-01-2026 18:23:28,16.37,49.6,5.82
756,08-01-2026 18:33:28,16.52,50.62,6.26
757,08-01-2026 18:43:28,16.51,50.62,6.25
758,08-01-2026 18:53:28,16.6,49.85,6.11
759,08-01-2026 19:03:28,16.57,48.97,5.82
760,08-01-2026 19:13:28,16.4,49.89,5.93
761,08-01-2026 19:23:28,16.06,49.95,5.64
762,08-01-2026 19:33:28,15.78,51.64,5.86
763,08-01-2026 19:43:28,15.63,51.79,5.77
764,08-01-2026 19:53:28,15.39,52.25,5.67
765,08-01-2026 20:03:28,15.21,52.3,5.52
766,08-01-2026 20:13:28,15.17,52.49,5.53
767,08-01-2026 20:23:28,15.23,53.57,5.88
768,08-01-2026 20:33:28,15.16,54.24,6
769,08-01-2026 20:43:28,14.96,54.43,5.86
770,08-01-2026 20:53:28,14.95,54.46,5.86
771,08-01-2026 21:03:28,15.12,53.33,5.71
772,08-01-2026 21:13:28,15.12,53.35,5.72
773,08-01-2026 21:23:28,14.84,54.17,5.67
774,08-01-2026 21:33:28,14.68,53.9,5.46
775,08-01-2026 21:43:28,14.63,54.61,5.6
776,08-01-2026 21:53:28,14.44,55.24,5.59
777,08-01-2026 22:03:28,14.16,56.67,5.7
778,08-01-2026 22:13:28,13.96,56.53,5.47
779,08-01-2026 22:23:28,13.8,56.68,5.36
780,08-01-2026 22:33:28,13.47,58.67,5.55
781,08-01-2026 22:43:28,13.2,59.09,5.4
782,08-01-2026 22:53:28,12.93,59.79,5.31
783,08-01-2026 23:03:28,12.66,60.35,5.19
784,08-01-2026 23:13:28,12.42,60.73,5.06
785,08-01-2026 23:23:28,12.07,62.04,5.03
786,08-01-2026 23:33:28,11.84,62.59,4.94
787,08-01-2026 23:43:28,11.63,63.12,4.87
788,08-01-2026 23:53:28,11.5,63.81,4.9
789,08-02-2026 00:03:28,11.34,63.37,4.65
790,08-02-2026 00:13:28,11.12,64.19,4.62
791,08-02-2026 00:23:28,10.98,65.03,4.68
792,08-02-2026 00:33:28,10.77,66.02,4.69
793,08-02-2026 00:43:28,10.69,66.1,4.63
794,08-02-2026 00:53:28,10.55,66.62,4.61
795,08-02-2026 01:03:28,10.41,67.04,4.56
796,08-02-2026 01:13:28,10.26,67.48,4.51
797,08-02-2026 01:23:28,10.07,67.9,4.42
798,08-02-2026 01:33:28,9.97,68.2,4.4
799,08-02-2026 01:43:28,9.87,68.83,4.43
800,08-02-2026 01:53:28,9.86,68.82,4.41
801,08-02-2026 02:03:28,9.77,69.13,4.39
802,08-02-2026 02:13:28,9.66,69.47,4.36
803,08-02-2026 02:23:28,9.59,70.19,4.43
804,08-02-2026 02:33:28,9.51,70.18,4.36
805,08-02-2026 02:43:28,9.43,70.33,4.31
806,08-02-2026 02:53:28,9.32,70.62,4.26
807,08-02-2026 03:03:28,9.21,71.03,4.24
808,08-02-2026 03:13:28,9.14,71.12,4.19
809,08-02-2026 03:23:28,9.14,71.27,4.22
810,08-02-2026 03:33:28,9.13,71.04,4.17
811,08-02-2026 03:43:28,9.07,71.19,4.14
812,08-02-2026 03:53:28,9.03,71.2,4.1
813,08-02-2026 04:03:28,8.85,71.58,4.01
814,08-02-2026 04:13:28,8.64,72.01,3.89
815,08-02-2026 04:23:28,8.59,72.54,3.95
816,08-02-2026 04:33:28,8.61,72.47,3.95
817,08-02-2026 04:43:28,8.6,72.31,3.91
818,08-02-2026 04:53:28,8.55,72.3,3.85
819,08-02-2026 05:03:28,8.5,72.93,3.93
820,08-02-2026 05:13:28,8.48,72.58,3.84
821,08-02-2026 05:23:28,8.44,72.73,3.83
822,08-02-2026 05:33:28,8.5,73.01,3.95
823,08-02-2026 05:43:28,8.55,72.54,3.9
824,08-02-2026 05:53:28,8.53,72.98,3.97
825,08-02-2026 06:03:28,8.59,73.45,4.12
826,08-02-2026 06:13:28,8.65,73.45,4.18
827,08-02-2026 06:23:28,8.73,73.13,4.2
828,08-02-2026 06:33:28,8.86,72.71,4.24
829,08-02-2026 06:43:28,8.96,72.85,4.36
830,08-02-2026 06:53:28,9.06,72.44,4.38
831,08-02-2026 07:03:28,9.17,72.87,4.57
832,08-02-2026 07:13:28,9.36,71.69,4.52
833,08-02-2026 07:23:28,9.42,71.57,4.55
834,08-02-2026 07:33:28,9.35,71.6,4.49
835,08-02-2026 07:43:28,9.49,71.57,4.62
836,08-02-2026 07:53:28,9.78,71.97,4.98
837,08-02-2026 08:03:28,11.06,69.85,5.78
838,08-02-2026 08:13:28,11.93,66.2,5.83
839,08-02-2026 08:23:28,12.94,65.21,6.58
840,08-02-2026 08:33:28,13.42,62.13,6.33
841,08-02-2026 08:43:28,14.01,59.03,6.14
842,08-02-2026 08:53:28,14.04,60.08,6.43
843,08-02-2026 09:03:28,14.03,60.7,6.57
844,08-02-2026 09:13:28,14.68,59.06,6.78
845,08-02-2026 09:23:28,15.3,56.7,6.77
846,08-02-2026 09:33:28,15.38,54.94,6.39
847,08-02-2026 09:43:28,15.4,56.19,6.74
848,08-02-2026 09:53:28,15.51,55.66,6.69
849,08-02-2026 10:03:28,15.65,55.55,6.8
850,08-02-2026 10:13:28,15.8,55.94,7.04
851,08-02-2026 10:23:28,16.28,54.44,7.09
852,08-02-2026 10:33:28,16.2,54.51,7.04
853,08-02-2026 10:43:28,16.24,52.42,6.5
854,08-02-2026 10:53:28,17.04,49.99,6.55
855,08-02-2026 11:03:28,17.15,49.07,6.39
856,08-02-2026 11:13:28,16.55,50.2,6.16
857,08-02-2026 11:23:28,16.39,50.11,5.99
858,08-02-2026 11:33:28,16.67,48.77,5.85
859,08-02-2026 11:43:28,16.58,50.15,6.17
860,08-02-2026 11:53:28,16.24,50.97,6.1
861,08-02-2026 12:03:28,16.2,50.9,6.04
862,08-02-2026 12:13:28,15.97,51.3,5.94
863,08-02-2026 12:23:28,15.81,51.74,5.92
864,08-02-2026 12:33:28,15.55,50.75,5.4
865,08-02-2026 12:43:28,15.59,50.99,5.5
866,08-02-2026 12:53:28,15.63,52.52,5.97
867,08-02-2026 13:03:28,15.26,50.46,5.05
868,08-02-2026 13:13:28,15.18,51.64,5.3
869,08-02-2026 13:23:28,15.26,49.68,4.82
870,08-02-2026 13:33:28,15.3,48.98,4.66
871,08-02-2026 13:43:28,15.32,50.31,5.06
872,08-02-2026 13:53:28,15.33,51.35,5.36
873,08-02-2026 14:03:28,15.33,50.4,5.1
874,08-02-2026 14:13:28,15.31,49.6,4.85
875,08-02-2026 14:23:28,15.3,48.6,4.55
876,08-02-2026 14:33:28,15.39,49.7,4.95
877,08-02-2026 14:43:28,15.48,49.36,4.93
878,08-02-2026 14:53:28,15.67,48.37,4.82
879,08-02-2026 15:03:28,15.82,47.45,4.68
880,08-02-2026 15:13:28,15.99,47.61,4.89
881,08-02-2026 15:23:28,16.3,46.58,4.85
882,08-02-2026 15:33:28,16.68,46.03,5.03
883,08-02-2026 15:43:28,16.93,45.5,5.1
884,08-02-2026 15:53:28,17.04,46.02,5.36
885,08-02-2026 16:03:28,17.09,45.51,5.24
886,08-02-2026 16:13:28,17.05,45.56,5.22
887,08-02-2026 16:23:28,17.07,46.76,5.61
888,08-02-2026 16:33:28,17.04,47.07,5.68
889,08-02-2026 16:43:28,17.16,46.97,5.76
890,08-02-2026 16:53:28,17.73,45.21,5.72
891,08-02-2026 17:03:28,17.97,44.73,5.79
892,08-02-2026 17:13:28,18.1,44.57,5.86
893,08-02-2026 17:23:28,18.13,43.83,5.64
894,08-02-2026 17:33:28,18.02,45.75,6.17
895,08-02-2026 17:43:28,17.98,46.63,6.4
896,08-02-2026 17:53:28,18.12,44.04,5.71
897,08-02-2026 18:03:28,18.32,45.89,6.48
898,08-02-2026 18:13:28,18.39,46.01,6.58
899,08-02-2026 18:23:28,18.3,45.59,6.37
900,08-02-2026 18:33:28,18.19,46.39,6.52
901,08-02-2026 18:43:28,18.03,45.58,6.12
902,08-02-2026 18:53:28,18,45.86,6.18
903,08-02-2026 19:03:28,18.03,46.28,6.34
904,08-02-2026 19:13:28,17.9,45.56,5.99
905,08-02-2026 19:23:28,17.75,46.07,6.02
906,08-02-2026 19:33:28,17.62,45.68,5.77
907,08-02-2026 19:43:28,17.55,45.78,5.75
908,08-02-2026 19:53:28,17.44,45.58,5.58
909,08-02-2026 20:03:28,17.3,46.65,5.79
910,08-02-2026 20:13:28,17.12,46.11,5.45
911,08-02-2026 20:23:28,16.9,50.81,6.66
912,08-02-2026 20:33:28,16.67,49.7,6.13
913,08-02-2026 20:43:28,16.54,50.38,6.2
914,08-02-2026 20:53:28,16.36,51.12,6.25
915,08-02-2026 21:03:28,16.34,50.43,6.04
916,08-02-2026 21:13:28,16.08,54.62,6.96
917,08-02-2026 21:23:28,15.56,56.02,6.84
918,08-02-2026 21:33:28,15.51,57.78,7.24
919,08-02-2026 21:43:28,15.38,56.45,6.78
920,08-02-2026 21:53:28,15.25,55.96,6.53
921,08-02-2026 22:03:28,14.98,56.88,6.52
922,08-02-2026 22:13:28,14.77,58.07,6.62
923,08-02-2026 22:23:28,14.67,58.22,6.57
924,08-02-2026 22:33:28,14.5,57.75,6.29
925,08-02-2026 22:43:28,14.38,57.82,6.2
926,08-02-2026 22:53:28,14.25,57.7,6.04
927,08-02-2026 23:03:28,14.08,58.11,5.98
928,08-02-2026 23:13:28,13.98,58,5.86
929,08-02-2026 23:23:28,13.9,58.45,5.9
930,08-02-2026 23:33:28,13.85,58.19,5.79
931,08-02-2026 23:43:28,13.62,59.33,5.85
932,08-02-2026 23:53:28,13.58,59.19,5.78
933,08-03-2026 00:03:28,13.56,59.12,5.75
934,08-03-2026 00:13:28,13.4,59.86,5.78
935,08-03-2026 00:23:28,13.19,60.48,5.73
936,08-03-2026 00:33:28,13.06,60.7,5.65
937,08-03-2026 00:43:28,13.11,60.33,5.61
938,08-03-2026 00:53:28,12.9,61.22,5.62
939,08-03-2026 01:03:28,12.9,60.89,5.55
940,08-03-2026 01:13:28,12.84,60.89,5.49
941,08-03-2026 01:23:28,12.68,61.35,5.45
942,08-03-2026 01:33:28,12.54,61.95,5.45
943,08-03-2026 01:43:28,12.4,62.49,5.45
944,08-03-2026 01:53:28,12.21,62.77,5.33
945,08-03-2026 02:03:28,12.05,63.25,5.29
946,08-03-2026 02:13:28,11.97,63.44,5.26
947,08-03-2026 02:23:28,11.94,63.36,5.22
948,08-03-2026 02:33:28,11.78,64.14,5.23
949,08-03-2026 02:43:28,11.68,64.21,5.16
950,08-03-2026 02:53:28,11.6,64.3,5.1
951,08-03-2026 03:03:28,11.5,64.58,5.07
952,08-03-2026 03:13:28,11.38,64.82,5.01
953,08-03-2026 03:23:28,11.35,64.53,4.91
954,08-03-2026 03:33:28,11.27,65.21,4.99
955,08-03-2026 03:43:28,11.33,64.88,4.98
956,08-03-2026 03:53:28,11.3,65.01,4.98
957,08-03-2026 04:03:28,11.24,64.12,4.72
958,08-03-2026 04:13:28,11.24,64.79,4.87
959,08-03-2026 04:23:28,11.09,65.35,4.85
960,08-03-2026 04:33:28,11.08,65.2,4.8
961,08-03-2026 04:43:28,11,65.79,4.86
962,08-03-2026 04:53:28,11,65.17,4.72
963,08-03-2026 05:03:28,11.11,64.88,4.76
964,08-03-2026 05:13:28,11.08,64.88,4.74
965,08-03-2026 05:23:28,11.08,65.1,4.79
966,08-03-2026 05:33:28,11.06,64.06,4.53
967,08-03-2026 05:43:28,10.96,64.93,4.63
968,08-03-2026 05:53:28,10.94,65.44,4.72
969,08-03-2026 06:03:28,11.05,64.09,4.53
970,08-03-2026 06:13:28,11.24,64.54,4.81
971,08-03-2026 06:23:28,11.22,64.82,4.85
972,08-03-2026 06:33:28,11.4,64.78,5.02
973,08-03-2026 06:43:28,11.67,63.35,4.96
974,08-03-2026 06:53:28,11.62,64.27,5.12
975,08-03-2026 07:03:28,11.6,64.14,5.07
976,08-03-2026 07:13:28,11.72,64.47,5.25
977,08-03-2026 07:23:28,11.76,64.3,5.25
978,08-03-2026 07:33:28,11.79,63.51,5.11
979,08-03-2026 07:43:28,12.08,64.76,5.66
980,08-03-2026 07:53:28,12.18,64.14,5.61
981,08-03-2026 08:03:28,12.35,62.82,5.48
982,08-03-2026 08:13:28,12.48,63.76,5.81
983,08-03-2026 08:23:28,12.84,61.63,5.66
984,08-03-2026 08:33:28,13.25,59.3,5.5
985,08-03-2026 08:43:28,13.46,57.32,5.21
986,08-03-2026 08:53:28,13.75,56.34,5.23
987,08-03-2026 09:03:28,13.85,56.41,5.34
988,08-03-2026 09:13:28,13.86,54.71,4.91
989,08-03-2026 09:23:28,13.84,55.23,5.02
990,08-03-2026 09:33:28,13.79,55.74,5.11
991,08-03-2026 09:43:28,13.69,55.16,4.86
992,08-03-2026 09:53:28,13.74,54.34,4.7
993,08-03-2026 10:03:28,13.81,55.27,5.01
994,08-03-2026 10:13:28,13.94,54.39,4.9
995,08-03-2026 10:23:28,14.07,54.42,5.03
996,08-03-2026 10:33:28,14.17,54.08,5.03
997,08-03-2026 10:43:28,14.3,53.47,4.99
998,08-03-2026 10:53:28,14.33,52.34,4.71
999,08-03-2026 11:03:28,14.48,52.42,4.87
1000,08-03-2026 11:13:28,14.67,51.45,4.78
1001,08-03-2026 11:23:28,14.62,51.43,4.73
1002,08-03-2026 11:33:28,14.76,51.18,4.79
1003,08-03-2026 11:43:28,14.73,50.86,4.67
1004,08-03-2026 11:53:28,14.83,49.62,4.41
1005,08-03-2026 12:03:28,14.94,50.27,4.7
1006,08-03-2026 12:13:28,15.09,49.86,4.72
1007,08-03-2026 12:23:28,15.33,48.69,4.61
1008,08-03-2026 12:33:28,15.37,48.05,4.45
1009,08-03-2026 12:43:28,15.48,48.46,4.67
1010,08-03-2026 12:53:28,15.68,47.93,4.69
1011,08-03-2026 13:03:28,15.99,46.76,4.63
1012,08-03-2026 13:13:28,16.19,47.17,4.94
1013,08-03-2026 13:23:28,16.38,46.19,4.81
1014,08-03-2026 13:33:28,16.38,46.99,5.06
1015,08-03-2026 13:43:28,16.48,45.67,4.74
1016,08-03-2026 13:53:28,16.53,45.68,4.78
1017,08-03-2026 14:03:28,16.37,45.7,4.65
1018,08-03-2026 14:13:28,16.31,45.85,4.64
1019,08-03-2026 14:23:28,16.55,45.85,4.85
1020,08-03-2026 14:33:28,16.52,45.24,4.64
1021,08-03-2026 14:43:28,16.39,45.47,4.59
1022,08-03-2026 14:53:28,16.47,45.04,4.53
1023,08-03-2026 15:03:28,16.51,43.82,4.17
1024,08-03-2026 15:13:28,16.71,43.97,4.4
1025,08-03-2026 15:23:28,16.88,43.05,4.26
1026,08-03-2026 15:33:28,17.2,43.61,4.73
1027,08-03-2026 15:43:28,17.38,42.66,4.58
1028,08-03-2026 15:53:28,17.38,42.39,4.49
1029,08-03-2026 16:03:28,17.39,42.66,4.58
1030,08-03-2026 16:13:28,17.54,43.16,4.89
1031,08-03-2026 16:23:28,17.58,42.24,4.61
1032,08-03-2026 16:33:28,17.73,42.42,4.82
1033,08-03-2026 16:43:28,18.24,40.83,4.72
1034,08-03-2026 16:53:28,18.18,40.88,4.69
1035,08-03-2026 17:03:28,18.26,40.66,4.68
1036,08-03-2026 17:13:28,18.14,40.06,4.36
1037,08-03-2026 17:23:28,18.15,41.11,4.74
1038,08-03-2026 17:33:28,18.1,40.44,4.46
1039,08-03-2026 17:43:28,17.92,40.68,4.39
1040,08-03-2026 17:53:28,17.86,41.36,4.56
1041,08-03-2026 18:03:28,18.03,40.79,4.52
1042,08-03-2026 18:13:28,18.04,40.52,4.43
1043,08-03-2026 18:23:28,17.99,40.61,4.42
1044,08-03-2026 18:33:28,17.98,41,4.55
1045,08-03-2026 18:43:28,17.93,40.41,4.3
1046,08-03-2026 18:53:28,17.82,41.33,4.52
1047,08-03-2026 19:03:28,17.72,40.94,4.29
1048,08-03-2026 19:13:28,17.6,41.41,4.35
1049,08-03-2026 19:23:28,17.59,41.08,4.23
1050,08-03-2026 19:33:28,17.69,41.75,4.55
1051,08-03-2026 19:43:28,17.7,41.79,4.57
1052,08-03-2026 19:53:28,17.55,41.7,4.41
1053,08-03-2026 20:03:28,17.51,43.04,4.82
1054,08-03-2026 20:13:28,17.4,44.43,5.17
1055,08-03-2026 20:23:28,17.16,45.15,5.19
1056,08-03-2026 20:33:28,16.91,45.93,5.21
1057,08-03-2026 20:43:28,16.89,46.33,5.31
1058,08-03-2026 20:53:28,16.75,46.53,5.25
1059,08-03-2026 21:03:28,16.58,46.96,5.23
1060,08-03-2026 21:13:28,16.45,47.6,5.31
1061,08-03-2026 21:23:28,16.3,47.7,5.2
1062,08-03-2026 21:33:28,16.17,48.75,5.39
1063,08-03-2026 21:43:28,16.02,48.89,5.29
1064,08-03-2026 21:53:28,15.91,49.29,5.31
1065,08-03-2026 22:03:28,15.7,50.35,5.42
1066,08-03-2026 22:13:28,15.62,51.25,5.61
1067,08-03-2026 22:23:28,15.5,52.05,5.71
1068,08-03-2026 22:33:28,15.34,52.58,5.72
1069,08-03-2026 22:43:28,15.19,53.82,5.91
1070,08-03-2026 22:53:28,15.02,54.78,6
1071,08-03-2026 23:03:28,14.86,56.81,6.38
1072,08-03-2026 23:13:28,14.7,57.74,6.47
1073,08-03-2026 23:23:28,14.62,58.24,6.53
1074,08-03-2026 23:33:28,14.58,58.56,6.57
1075,08-03-2026 23:43:28,14.57,58.53,6.55
1076,08-03-2026 23:53:28,14.52,59.09,6.64
1077,08-04-2026 00:03:28,14.42,59.21,6.58
1078,08-04-2026 00:13:28,14.2,60.19,6.61
1079,08-04-2026 00:23:28,14.11,60.29,6.54
1080,08-04-2026 00:33:28,14.08,60.31,6.52
1081,08-04-2026 00:43:28,13.98,61.13,6.63
1082,08-04-2026 00:53:28,13.73,61.61,6.5
1083,08-04-2026 01:03:28,13.6,61.75,6.41
1084,08-04-2026 01:13:28,13.45,62.34,6.41
1085,08-04-2026 01:23:28,13.32,62.68,6.36
1086,08-04-2026 01:33:28,13.24,62.82,6.32
1087,08-04-2026 01:43:28,13.14,62.97,6.26
1088,08-04-2026 01:53:28,13.16,62.68,6.21
1089,08-04-2026 02:03:28,13.2,62.21,6.14
1090,08-04-2026 02:13:28,13.08,63.01,6.21
1091,08-04-2026 02:23:28,13.05,62.84,6.15
1092,08-04-2026 02:33:28,12.99,63.22,6.18
1093,08-04-2026 02:43:28,12.99,63.05,6.14
1094,08-04-2026 02:53:28,12.95,63.12,6.11
1095,08-04-2026 03:03:28,12.81,63.75,6.13
1096,08-04-2026 03:13:28,12.81,64.23,6.24
1097,08-04-2026 03:23:28,12.69,64.62,6.21
1098,08-04-2026 03:33:28,12.58,65.13,6.22
1099,08-04-2026 03:43:28,12.49,64.42,5.98
1100,08-04-2026 03:53:28,12.41,64.87,6
1101,08-04-2026 04:03:28,12.24,65.3,5.93
1102,08-04-2026 04:13:28,12.15,65.91,5.98
1103,08-04-2026 04:23:28,12.1,66.2,6
1104,08-04-2026 04:33:28,12.03,66.04,5.9
1105,08-04-2026 04:43:28,11.95,66.37,5.89
1106,08-04-2026 04:53:28,11.85,66.46,5.82
1107,08-04-2026 05:03:28,11.85,66.45,5.81
1108,08-04-2026 05:13:28,11.77,66.8,5.82
1109,08-04-2026 05:23:28,11.71,66.93,5.78
1110,08-04-2026 05:33:28,11.66,67.12,5.78
1111,08-04-2026 05:43:28,11.61,67.31,5.77
1112,08-04-2026 05:53:28,11.57,67.55,5.78
1113,08-04-2026 06:03:28,11.53,67.86,5.81
1114,08-04-2026 06:13:28,11.51,67.75,5.77
1115,08-04-2026 06:23:28,11.52,67.72,5.77
1116,08-04-2026 06:33:28,11.51,67.41,5.7
1117,08-04-2026 06:43:28,11.51,67.69,5.75
1118,08-04-2026 06:53:28,11.48,68.05,5.81
1119,08-04-2026 07:03:28,11.46,68.75,5.93
1120,08-04-2026 07:13:28,11.45,69.05,5.99
1121,08-04-2026 07:23:28,11.49,68.86,5.99
1122,08-04-2026 07:33:28,11.5,68.56,5.93
1123,08-04-2026 07:43:28,11.52,68.65,5.97
1124,08-04-2026 07:53:28,11.53,69.51,6.16
1125,08-04-2026 08:03:28,11.56,69.49,6.18
1126,08-04-2026 08:13:28,11.55,69.35,6.14
1127,08-04-2026 08:23:28,11.65,69.88,6.35
1128,08-04-2026 08:33:28,11.71,68.56,6.13
1129,08-04-2026 08:43:28,11.88,68.56,6.29
1130,08-04-2026 08:53:28,12.01,69.26,6.56
1131,08-04-2026 09:03:28,12.16,68.06,6.46
1132,08-04-2026 09:13:28,12.3,67,6.37
1133,08-04-2026 09:23:28,12.41,66.75,6.41
1134,08-04-2026 09:33:28,12.51,66.37,6.42
1135,08-04-2026 09:43:28,12.66,66.1,6.51
1136,08-04-2026 09:53:28,12.82,65.73,6.58
1137,08-04-2026 10:03:28,12.95,65.3,6.6
1138,08-04-2026 10:13:28,13.07,64.33,6.5
1139,08-04-2026 10:23:28,13.26,64.47,6.72
1140,08-04-2026 10:33:28,13.51,63.5,6.74
1141,08-04-2026 10:43:28,13.88,62.04,6.75
1142,08-04-2026 10:53:28,14.25,60.99,6.84
1143,08-04-2026 11:03:28,14.62,60.94,7.18
1144,08-04-2026 11:13:28,14.85,58.49,6.8
1145,08-04-2026 11:23:28,15.01,59.08,7.09
1146,08-04-2026 11:33:28,15.13,58.6,7.09
1147,08-04-2026 11:43:28,15.31,58.18,7.16
1148,08-04-2026 11:53:28,15.37,57.36,7
1149,08-04-2026 12:03:28,15.37,57.25,6.97
1150,08-04-2026 12:13:28,15.36,56.91,6.88
1151,08-04-2026 12:23:28,15.52,57.05,7.07
1152,08-04-2026 12:33:28,15.81,56.73,7.26
1153,08-04-2026 12:43:28,15.77,56.53,7.17
1154,08-04-2026 12:53:28,15.86,55.84,7.07
1155,08-04-2026 13:03:28,16.21,55.63,7.34
1156,08-04-2026 13:13:28,16.3,54.28,7.07
1157,08-04-2026 13:23:28,16.33,54.18,7.07
1158,08-04-2026 13:33:28,16.37,54.35,7.15
1159,08-04-2026 13:43:28,16.48,53.52,7.03
1160,08-04-2026 13:53:28,16.45,53.67,7.04
1161,08-04-2026 14:03:28,16.26,53.93,6.94
1162,08-04-2026 14:13:28,16.06,54.16,6.81
1163,08-04-2026 14:23:28,15.98,54.38,6.8
1164,08-04-2026 14:33:28,16.13,53.76,6.77
1165,08-04-2026 14:43:28,16.2,53.46,6.75
1166,08-04-2026 14:53:28,16.24,53.6,6.83
1167,08-04-2026 15:03:28,16.44,52.91,6.83
1168,08-04-2026 15:13:28,16.37,53.42,6.9
1169,08-04-2026 15:23:28,16.84,52.49,7.08
1170,08-04-2026 15:33:28,16.85,51.91,6.93
1171,08-04-2026 15:43:28,16.81,51.72,6.84
1172,08-04-2026 15:53:28,16.86,51.82,6.91
1173,08-04-2026 16:03:28,16.94,52.08,7.06
1174,08-04-2026 16:13:28,16.96,50.79,6.71
1175,08-04-2026 16:23:28,17.18,50.09,6.71
1176,08-04-2026 16:33:28,17.42,48.46,6.45
1177,08-04-2026 16:43:28,17.58,48.93,6.73
1178,08-04-2026 16:53:28,17.87,48,6.72
1179,08-04-2026 17:03:28,18.1,46.08,6.34
1180,08-04-2026 17:13:28,18.02,47.49,6.7
1181,08-04-2026 17:23:28,17.9,48.61,6.93
1182,08-04-2026 17:33:28,18.09,46.38,6.43
1183,08-04-2026 17:43:28,18.13,46.62,6.54
1184,08-04-2026 17:53:28,17.99,46.96,6.52
1185,08-04-2026 18:03:28,18.01,47.88,6.81
1186,08-04-2026 18:13:28,17.92,47.93,6.75
1187,08-04-2026 18:23:28,17.87,47.6,6.6
1188,08-04-2026 18:33:28,17.79,47.73,6.57
1189,08-04-2026 18:43:28,17.63,48.27,6.59
1190,08-04-2026 18:53:28,17.54,48.77,6.65
1191,08-04-2026 19:03:28,17.21,49.3,6.51
1192,08-04-2026 19:13:28,16.94,50.22,6.53
1193,08-04-2026 19:23:28,16.96,50.91,6.74
1194,08-04-2026 19:33:28,17,50.34,6.62
1195,08-04-2026 19:43:28,17.06,49.91,6.55
1196,08-04-2026 19:53:28,17.13,50.36,6.74
1197,08-04-2026 20:03:28,17.12,50.26,6.71
1198,08-04-2026 20:13:28,17.08,50.87,6.84
1199,08-04-2026 20:23:28,17.04,50.9,6.81
1200,08-04-2026 20:33:28,16.95,50.91,6.74
1201,08-04-2026 20:43:28,16.9,51.41,6.83
1202,08-04-2026 20:53:28,16.79,52.03,6.9
1203,08-04-2026 21:03:28,16.73,52.41,6.96
1204,08-04-2026 21:13:28,16.62,52.87,6.98
1205,08-04-2026 21:23:28,16.55,52.85,6.9
1206,08-04-2026 21:33:28,16.46,52.91,6.84
1207,08-04-2026 21:43:28,16.32,52.86,6.7
1208,08-04-2026 21:53:28,15.91,53.42,6.48
1209,08-04-2026 22:03:28,15.64,53.79,6.32
1210,08-04-2026 22:13:28,15.39,54.58,6.3
1211,08-04-2026 22:23:28,15.15,54.9,6.17
1212,08-04-2026 22:33:28,14.93,55.35,6.07
1213,08-04-2026 22:43:28,14.75,55.88,6.04
1214,08-04-2026 22:53:28,14.49,56.38,5.93
1215,08-04-2026 23:03:28,14.14,57.45,5.87
1216,08-04-2026 23:13:28,13.86,58.21,5.81
1217,08-04-2026 23:23:28,13.69,58.74,5.78
1218,08-04-2026 23:33:28,13.6,58.8,5.7
1219,08-04-2026 23:43:28,13.38,59.17,5.59
1220,08-04-2026 23:53:28,13.17,59.66,5.51
1221,08-05-2026 00:03:28,12.95,60.15,5.42
1222,08-05-2026 00:13:28,12.81,60.47,5.37
1223,08-05-2026 00:23:28,12.5,60.91,5.17
1224,08-05-2026 00:33:28,12.34,61.23,5.1
1225,08-05-2026 00:43:28,12.23,61.46,5.05
1226,08-05-2026 00:53:28,12.12,61.98,5.07
1227,08-05-2026 01:03:28,11.96,62.25,4.98
1228,08-05-2026 01:13:28,11.78,62.96,4.97
1229,08-05-2026 01:23:28,11.62,63.55,4.96
1230,08-05-2026 01:33:28,11.44,64,4.88
1231,08-05-2026 01:43:28,11.37,64.17,4.85
1232,08-05-2026 01:53:28,11.36,64.36,4.88
1233,08-05-2026 02:03:28,11.14,64.86,4.79
1234,08-05-2026 02:13:28,11,65.08,4.7
1235,08-05-2026 02:23:28,10.91,65.38,4.69
1236,08-05-2026 02:33:28,10.74,65.48,4.55
1237,08-05-2026 02:43:28,10.69,66.7,4.76
1238,08-05-2026 02:53:28,10.63,66.72,4.71
1239,08-05-2026 03:03:28,10.59,66.96,4.72
1240,08-05-2026 03:13:28,10.44,67.39,4.67
1241,08-05-2026 03:23:28,10.44,66.72,4.53
1242,08-05-2026 03:33:28,10.26,67.84,4.59
1243,08-05-2026 03:43:28,10.26,67.74,4.57
1244,08-05-2026 03:53:28,10.12,68.14,4.52
1245,08-05-2026 04:03:28,10.01,68.51,4.5
1246,08-05-2026 04:13:28,9.97,68.37,4.42
1247,08-05-2026 04:23:28,9.83,68.82,4.39
1248,08-05-2026 04:33:28,9.77,69.45,4.45
1249,08-05-2026 04:43:28,9.77,69.59,4.49
1250,08-05-2026 04:53:28,9.69,69.22,4.33
1251,08-05-2026 05:03:28,9.51,70.03,4.33
1252,08-05-2026 05:13:28,9.48,70.5,4.4
1253,08-05-2026 05:23:28,9.41,70.67,4.36
1254,08-05-2026 05:33:28,9.42,70.58,4.35
1255,08-05-2026 05:43:28,9.4,70.92,4.4
1256,08-05-2026 05:53:28,9.42,70.81,4.4
1257,08-05-2026 06:03:28,9.41,71.08,4.44
1258,08-05-2026 06:13:28,9.39,71.33,4.47
1259,08-05-2026 06:23:28,10.3,70.36,5.16
1260,08-05-2026 06:33:28,11.15,68.12,5.51
1261,08-05-2026 06:43:28,11.84,66.39,5.79
1262,08-05-2026 06:53:28,12.18,65.08,5.82
1263,08-05-2026 07:03:28,12.37,64.16,5.81
1264,08-05-2026 07:13:28,12.82,63.04,5.97
1265,08-05-2026 07:23:28,13.26,61.77,6.09
1266,08-05-2026 07:33:28,13.71,60.68,6.26
1267,08-05-2026 07:43:28,14.11,59.78,6.42
1268,08-05-2026 07:53:28,14.19,58.74,6.24
1269,08-05-2026 08:03:28,14.62,58.27,6.53
1270,08-05-2026 08:13:28,15.06,58.27,6.94
1271,08-05-2026 08:23:28,15.48,57.55,7.16
1272,08-05-2026 08:33:28,16,56.16,7.28
1273,08-05-2026 08:43:28,16.41,54.86,7.33
1274,08-05-2026 08:53:28,16.93,54.21,7.64
1275,08-05-2026 09:03:28,17.36,52.91,7.68
1276,08-05-2026 09:13:28,17.76,52.31,7.88
1277,08-05-2026 09:23:28,18.08,51.26,7.87
1278,08-05-2026 09:33:28,18.23,51.15,7.99
1279,08-05-2026 09:43:28,18.04,51.21,7.82
1280,08-05-2026 09:53:28,17.61,51.79,7.59
1281,08-05-2026 10:03:28,17.55,51.77,7.54
1282,08-05-2026 10:13:28,17.79,51.34,7.63
1283,08-05-2026 10:23:28,17.97,50.25,7.48
1284,08-05-2026 10:33:28,18.26,49.06,7.4
1285,08-05-2026 10:43:28,18.2,49.6,7.51
1286,08-05-2026 10:53:28,18.29,48.89,7.38
1287,08-05-2026 11:03:28,18.15,50.38,7.68
1288,08-05-2026 11:13:28,17.63,50.16,7.15
1289,08-05-2026 11:23:28,17.21,52.18,7.33
1290,08-05-2026 11:33:28,17.37,52.15,7.48
1291,08-05-2026 11:43:28,17.39,51.36,7.27
1292,08-05-2026 11:53:28,17.13,50.69,6.84
1293,08-05-2026 12:03:28,16.95,52.16,7.09
1294,08-05-2026 12:13:28,16.96,51.82,7
1295,08-05-2026 12:23:28,17.11,52.59,7.36
1296,08-05-2026 12:33:28,16.93,52.83,7.26
1297,08-05-2026 12:43:28,16.79,52.75,7.1
1298,08-05-2026 12:53:28,16.91,52.58,7.17
1299,08-05-2026 13:03:28,17.27,52.41,7.46
1300,08-05-2026 13:13:28,17.57,51.25,7.4
1301,08-05-2026 13:23:28,17.79,49.6,7.13
1302,08-05-2026 13:33:28,18.13,48.86,7.22
1303,08-05-2026 13:43:28,18.37,48.39,7.3
1304,08-05-2026 13:53:28,18.59,45.29,6.54
1305,08-05-2026 14:03:28,18.8,45.35,6.74
1306,08-05-2026 14:13:28,18.94,45.72,6.99
1307,08-05-2026 14:23:28,19.15,45.49,7.11
1308,08-05-2026 14:33:28,19.34,45.38,7.25
1309,08-05-2026 14:43:28,19.42,43.86,6.82
1310,08-05-2026 14:53:28,19.5,44.68,7.16
1311,08-05-2026 15:03:28,19.5,45.77,7.52
1312,08-05-2026 15:13:28,19.44,45.35,7.33
1313,08-05-2026 15:23:28,19.55,45.66,7.52
1314,08-05-2026 15:33:28,19.44,46.3,7.64
1315,08-05-2026 15:43:28,19.71,45.97,7.77
1316,08-05-2026 15:53:28,19.67,46.04,7.76
1317,08-05-2026 16:03:28,19.86,45.18,7.65
1318,08-05-2026 16:13:28,19.95,44.73,7.59
1319,08-05-2026 16:23:28,19.88,44.96,7.6
1320,08-05-2026 16:33:28,19.99,45.05,7.73
1321,08-05-2026 16:43:28,20.01,45.43,7.87
1322,08-05-2026 16:53:28,19.98,44.29,7.47
1323,08-05-2026 17:03:28,20.09,45.12,7.84
1324,08-05-2026 17:13:28,20.4,44.21,7.82
1325,08-05-2026 17:23:28,20.36,43.94,7.7
1326,08-05-2026 17:33:28,20.38,44.09,7.77
1327,08-05-2026 17:43:28,20.09,45.2,7.87
1328,08-05-2026 17:53:28,20.14,44.41,7.66
1329,08-05-2026 18:03:28,20.02,44.91,7.71
1330,08-05-2026 18:13:28,19.72,45.23,7.54
1331,08-05-2026 18:23:28,19.74,45.48,7.65
1332,08-05-2026 18:33:28,19.84,45.04,7.59
1333,08-05-2026 18:43:28,19.86,45.16,7.65
1334,08-05-2026 18:53:28,19.97,45.37,7.81
1335,08-05-2026 19:03:28,19.91,44.31,7.41
1336,08-05-2026 19:13:28,19.76,44.83,7.45
1337,08-05-2026 19:23:28,19.73,45.63,7.68
1338,08-05-2026 19:33:28,19.61,45.85,7.64
1339,08-05-2026 19:43:28,19.44,46.09,7.56
1340,08-05-2026 19:53:28,19.11,46.44,7.37
1341,08-05-2026 20:03:28,19.04,46.6,7.36
1342,08-05-2026 20:13:28,19.03,47.43,7.61
1343,08-05-2026 20:23:28,18.99,47.29,7.53
1344,08-05-2026 20:33:28,18.89,48.11,7.69
1345,08-05-2026 20:43:28,18.64,48.63,7.62
1346,08-05-2026 20:53:28,18.39,49.19,7.56
1347,08-05-2026 21:03:28,18.04,49.79,7.42
1348,08-05-2026 21:13:28,17.69,51.14,7.49
1349,08-05-2026 21:23:28,17.53,51.7,7.5
1350,08-05-2026 21:33:28,17.36,51.94,7.4
1351,08-05-2026 21:43:28,17.18,52.27,7.33
1352,08-05-2026 21:53:28,16.82,53.07,7.22
1353,08-05-2026 22:03:28,16.58,53.64,7.16
1354,08-05-2026 22:13:28,16.24,55.24,7.27
1355,08-05-2026 22:23:28,16.03,55.88,7.24
1356,08-05-2026 22:33:28,15.8,56.77,7.26
1357,08-05-2026 22:43:28,15.56,56.73,7.02
1358,08-05-2026 22:53:28,15.31,58.06,7.12
1359,08-05-2026 23:03:28,15,58.41,6.92
1360,08-05-2026 23:13:28,14.81,59.89,7.11
1361,08-05-2026 23:23:28,14.6,59.79,6.89
1362,08-05-2026 23:33:28,14.51,60.35,6.94
1363,08-05-2026 23:43:28,14.39,60.83,6.94
1364,08-05-2026 23:53:28,14.04,62.03,6.9
1365,08-06-2026 00:03:28,13.78,62.79,6.82
1366,08-06-2026 00:13:28,13.51,64.04,6.86
1367,08-06-2026 00:23:28,13.4,64.7,6.9
1368,08-06-2026 00:33:28,13.28,64.95,6.84
1369,08-06-2026 00:43:28,13.19,64.46,6.64
1370,08-06-2026 00:53:28,13.09,65.06,6.69
1371,08-06-2026 01:03:28,13.04,65.88,6.83
1372,08-06-2026 01:13:28,13.06,66.3,6.94
1373,08-06-2026 01:23:28,12.97,66.4,6.88
1374,08-06-2026 01:33:28,12.97,66.32,6.85
1375,08-06-2026 01:43:28,12.93,66.46,6.85
1376,08-06-2026 01:53:28,12.9,66.96,6.92
1377,08-06-2026 02:03:28,12.81,67.05,6.86
1378,08-06-2026 02:13:28,12.74,67.77,6.95
1379,08-06-2026 02:23:28,12.84,67.52,6.99
1380,08-06-2026 02:33:28,12.66,67.29,6.77
1381,08-06-2026 02:43:28,12.59,67.22,6.69
1382,08-06-2026 02:53:28,12.47,67.93,6.72
1383,08-06-2026 03:03:28,12.47,68.33,6.81
1384,08-06-2026 03:13:28,12.41,68.37,6.76
1385,08-06-2026 03:23:28,12.36,68.21,6.68
1386,08-06-2026 03:33:28,12.24,68.42,6.61
1387,08-06-2026 03:43:28,12.14,68.53,6.54
1388,08-06-2026 03:53:28,12.02,68.78,6.48
1389,08-06-2026 04:03:28,11.93,69.03,6.44
1390,08-06-2026 04:13:28,11.8,68.95,6.3
1391,08-06-2026 04:23:28,11.64,70.07,6.38
1392,08-06-2026 04:33:28,11.61,70.14,6.36
1393,08-06-2026 04:43:28,11.55,69.37,6.15
1394,08-06-2026 04:53:28,11.4,70.19,6.17
1395,08-06-2026 05:03:28,11.33,70.05,6.08
1396,08-06-2026 05:13:28,11.23,70.06,5.99
1397,08-06-2026 05:23:28,11.11,70.35,5.93
1398,08-06-2026 05:33:28,11.01,70.54,5.88
1399,08-06-2026 05:43:28,10.9,71.08,5.87
1400,08-06-2026 05:53:28,10.85,71.43,5.9
1401,08-06-2026 06:03:28,10.77,71.17,5.76
1402,08-06-2026 06:13:28,10.64,71.44,5.7
1403,08-06-2026 06:23:28,10.52,72.06,5.71
1404,08-06-2026 06:33:28,10.46,72.51,5.74
1405,08-06-2026 06:43:28,10.45,72.62,5.76
1406,08-06-2026 06:53:28,10.43,72.25,5.66
1407,08-06-2026 07:03:28,11.25,71.98,6.39
1408,08-06-2026 07:13:28,12.26,69.43,6.85
1409,08-06-2026 07:23:28,12.94,66.65,6.89
1410,08-06-2026 07:33:28,13.62,65.48,7.29
1411,08-06-2026 07:43:28,13.98,63.46,7.17
1412,08-06-2026 07:53:28,14.4,62.08,7.25
1413,08-06-2026 08:03:28,14.84,60.53,7.29
1414,08-06-2026 08:13:28,15.2,59.09,7.28
1415,08-06-2026 08:23:28,15.66,58.07,7.46
1416,08-06-2026 08:33:28,16.07,57.58,7.71
1417,08-06-2026 08:43:28,16.5,56.6,7.86
1418,08-06-2026 08:53:28,16.93,55.23,7.91
1419,08-06-2026 09:03:28,17.52,53.89,8.1
1420,08-06-2026 09:13:28,17.93,52.96,8.22
1421,08-06-2026 09:23:28,18.26,52.02,8.26
1422,08-06-2026 09:33:28,18.33,52.04,8.33
1423,08-06-2026 09:43:28,18.09,52.75,8.31
1424,08-06-2026 09:53:28,17.73,54.18,8.37
1425,08-06-2026 10:03:28,17.91,54.37,8.58
1426,08-06-2026 10:13:28,18.12,53.55,8.56
1427,08-06-2026 10:23:28,18.12,54.84,8.91
1428,08-06-2026 10:33:28,18.29,54.32,8.93
1429,08-06-2026 10:43:28,18.5,54.22,9.09
1430,08-06-2026 10:53:28,18.61,53.8,9.08
1431,08-06-2026 11:03:28,18.42,53.78,8.9
1432,08-06-2026 11:13:28,18.12,54.02,8.69
1433,08-06-2026 11:23:28,18.05,53.89,8.59
1434,08-06-2026 11:33:28,17.85,53.55,8.31
1435,08-06-2026 11:43:28,17.84,55.15,8.73
1436,08-06-2026 11:53:28,17.67,55.84,8.76
1437,08-06-2026 12:03:28,17.45,55.93,8.58
1438,08-06-2026 12:13:28,17.3,56.55,8.6
1439,08-06-2026 12:23:28,17.28,57.19,8.75
1440,08-06-2026 12:33:28,17.49,56.18,8.68
1441,08-06-2026 12:43:28,17.62,55.26,8.56
1442,08-06-2026 12:53:28,17.74,54.41,8.44
1443,08-06-2026 13:03:28,17.91,52.02,7.94
1444,08-06-2026 13:13:28,17.79,51.56,7.69
1445,08-06-2026 13:23:28,17.87,51.35,7.7
1446,08-06-2026 13:33:28,18.08,51.23,7.87
1447,08-06-2026 13:43:28,18.28,50.17,7.75
1448,08-06-2026 13:53:28,18.55,48.53,7.51
1449,08-06-2026 14:03:28,18.82,47.87,7.55
1450,08-06-2026 14:13:28,19.15,47.06,7.6
1451,08-06-2026 14:23:28,19.36,45.37,7.26
1452,08-06-2026 14:33:28,19.38,45.47,7.31
1453,08-06-2026 14:43:28,19.43,45.65,7.42
1454,08-06-2026 14:53:28,19.24,46.84,7.62
1455,08-06-2026 15:03:28,19.06,48,7.81
1456,08-06-2026 15:13:28,18.17,53.87,8.69
1457,08-06-2026 15:23:28,17.54,50.88,7.27
1458,08-06-2026 15:33:28,17.57,52.09,7.64
1459,08-06-2026 15:43:28,17.95,50.08,7.42
1460,08-06-2026 15:53:28,18.25,46.69,6.67
1461,08-06-2026 16:03:28,18.23,50.65,7.84
1462,08-06-2026 16:13:28,18.24,53.05,8.53
1463,08-06-2026 16:23:28,18.2,53.3,8.56
1464,08-06-2026 16:33:28,18.39,51.89,8.34
1465,08-06-2026 16:43:28,18.83,50.87,8.45
1466,08-06-2026 16:53:28,19.32,46.02,7.43
1467,08-06-2026 17:03:28,19.52,43.48,6.79
1468,08-06-2026 17:13:28,19.33,44.16,6.84
1469,08-06-2026 17:23:28,18.9,44.27,6.48
1470,08-06-2026 17:33:28,18.75,45.45,6.73
1471,08-06-2026 17:43:28,18.73,44.32,6.35
1472,08-06-2026 17:53:28,18.8,45.2,6.69
1473,08-06-2026 18:03:28,18.79,47.88,7.53
1474,08-06-2026 18:13:28,18.52,48.5,7.47
1475,08-06-2026 18:23:28,18.51,48.95,7.6
1476,08-06-2026 18:33:28,18.27,50.42,7.81
1477,08-06-2026 18:43:28,18.17,51.28,7.97
1478,08-06-2026 18:53:28,18.4,50.87,8.06
1479,08-06-2026 19:03:28,18.42,50.21,7.89
1480,08-06-2026 19:13:28,17.93,50.98,7.66
1481,08-06-2026 19:23:28,17.53,51.85,7.54
1482,08-06-2026 19:33:28,17.27,53.74,7.82
1483,08-06-2026 19:43:28,17.28,53.85,7.86
1484,08-06-2026 19:53:28,17.48,54.82,8.31
1485,08-06-2026 20:03:28,17.7,55.49,8.7
1486,08-06-2026 20:13:28,17.66,55.2,8.58
1487,08-06-2026 20:23:28,17.52,54.88,8.36
1488,08-06-2026 20:33:28,17.37,54.25,8.06
1489,08-06-2026 20:43:28,17.12,52.75,7.41
1490,08-06-2026 20:53:28,16.84,53.93,7.47
1491,08-06-2026 21:03:28,16.56,54.16,7.28
1492,08-06-2026 21:13:28,16.33,54.6,7.18
1493,08-06-2026 21:23:28,16.05,55.28,7.1
1494,08-06-2026 21:33:28,15.84,55.46,6.95
1495,08-06-2026 21:43:28,15.68,55.34,6.77
1496,08-06-2026 21:53:28,15.48,56.42,6.86
1497,08-06-2026 22:03:28,15.3,56.65,6.75
1498,08-06-2026 22:13:28,15.26,56.69,6.73
1499,08-06-2026 22:23:28,15.22,55.64,6.42
1500,08-06-2026 22:33:28,15.17,56.03,6.48
1501,08-06-2026 22:43:28,14.9,57.56,6.61
1502,08-06-2026 22:53:28,14.51,58.8,6.56
1503,08-06-2026 23:03:28,14.3,59.28,6.48
1504,08-06-2026 23:13:28,14.07,59.14,6.23
1505,08-06-2026 23:23:28,14.02,57.06,5.67
1506,08-06-2026 23:33:28,14.03,56.73,5.59
1507,08-06-2026 23:43:28,14.07,56.89,5.67
1508,08-06-2026 23:53:28,13.93,57.36,5.66
1509,08-07-2026 00:03:28,13.69,58.3,5.66
1510,08-07-2026 00:13:28,13.86,57.46,5.61
1511,08-07-2026 00:23:28,14.01,57.16,5.68
1512,08-07-2026 00:33:28,13.83,58.1,5.74
1513,08-07-2026 00:43:28,13.71,58.98,5.85
1514,08-07-2026 00:53:28,13.5,59.95,5.89
1515,08-07-2026 01:03:28,13.37,59.79,5.73
1516,08-07-2026 01:13:28,13.36,59.8,5.72
1517,08-07-2026 01:23:28,13.12,59.92,5.53
1518,08-07-2026 01:33:28,12.95,60.47,5.49
1519,08-07-2026 01:43:28,12.77,60.82,5.41
1520,08-07-2026 01:53:28,12.6,60.99,5.29
1521,08-07-2026 02:03:28,12.41,60.97,5.1
1522,08-07-2026 02:13:28,12.36,61.67,5.22
1523,08-07-2026 02:23:28,12.34,61.44,5.15
1524,08-07-2026 02:33:28,12.15,61.7,5.03
1525,08-07-2026 02:43:28,11.98,62.63,5.09
1526,08-07-2026 02:53:28,11.86,62.52,4.94
1527,08-07-2026 03:03:28,11.73,62.78,4.88
1528,08-07-2026 03:13:28,11.57,63.06,4.79
1529,08-07-2026 03:23:28,11.38,63.8,4.78
1530,08-07-2026 03:33:28,11.39,64.34,4.91
1531,08-07-2026 03:43:28,11.45,64.48,5
1532,08-07-2026 03:53:28,11.6,63.33,4.88
1533,08-07-2026 04:03:28,11.57,63.95,4.99
1534,08-07-2026 04:13:28,11.59,63.21,4.84
1535,08-07-2026 04:23:28,11.61,63.92,5.02
1536,08-07-2026 04:33:28,11.68,63.21,4.93
1537,08-07-2026 04:43:28,11.66,63.91,5.07
1538,08-07-2026 04:53:28,11.66,63.8,5.05
1539,08-07-2026 05:03:28,11.67,63.58,5.01
1540,08-07-2026 05:13:28,11.67,63.94,5.09
1541,08-07-2026 05:23:28,11.7,63.8,5.09
1542,08-07-2026 05:33:28,11.75,63.73,5.12
1543,08-07-2026 05:43:28,11.84,63.1,5.06
1544,08-07-2026 05:53:28,11.76,63.74,5.13
1545,08-07-2026 06:03:28,11.72,63.75,5.09
1546,08-07-2026 06:13:28,11.79,64.13,5.25
1547,08-07-2026 06:23:28,12.51,62.56,5.57
1548,08-07-2026 06:33:28,12.94,61.3,5.68
1549,08-07-2026 06:43:28,12.65,61.65,5.49
1550,08-07-2026 06:53:28,12.44,62.36,5.45
1551,08-07-2026 07:03:28,12.34,62.69,5.44
1552,08-07-2026 07:13:28,12.25,63.57,5.55
1553,08-07-2026 07:23:28,12.15,64.12,5.59
1554,08-07-2026 07:33:28,12.06,64.47,5.58
1555,08-07-2026 07:43:28,12.2,63.89,5.58
1556,08-07-2026 07:53:28,12.37,62.94,5.53
1557,08-07-2026 08:03:28,12.23,64.58,5.77
1558,08-07-2026 08:13:28,12.3,64.39,5.79
1559,08-07-2026 08:23:28,12.41,63.49,5.69
1560,08-07-2026 08:33:28,12.52,64.59,6.04
1561,08-07-2026 08:43:28,12.72,63.07,5.88
1562,08-07-2026 08:53:28,12.75,63.55,6.02
1563,08-07-2026 09:03:28,12.97,62.72,6.04
1564,08-07-2026 09:13:28,13.12,63.82,6.43
1565,08-07-2026 09:23:28,13.27,67.1,7.31
1566,08-07-2026 09:33:28,13.29,66.79,7.26
1567,08-07-2026 09:43:28,13.36,65.04,6.94
1568,08-07-2026 09:53:28,13.44,64.91,6.99
1569,08-07-2026 10:03:28,13.59,64.19,6.97
1570,08-07-2026 10:13:28,13.74,64.46,7.17
1571,08-07-2026 10:23:28,14.83,60.71,7.32
1572,08-07-2026 10:33:28,15.98,56.53,7.36
1573,08-07-2026 10:43:28,16.59,53.67,7.17
1574,08-07-2026 10:53:28,16.39,54.91,7.32
1575,08-07-2026 11:03:28,16.35,54.8,7.25
1576,08-07-2026 11:13:28,15.9,57.33,7.49
1577,08-07-2026 11:23:28,15.68,58.67,7.62
1578,08-07-2026 11:33:28,15.51,59.2,7.59
1579,08-07-2026 11:43:28,15.69,59.4,7.81
1580,08-07-2026 11:53:28,15.73,59.03,7.76
1581,08-07-2026 12:03:28,15.75,58.93,7.76
1582,08-07-2026 12:13:28,15.8,59.17,7.86
1583,08-07-2026 12:23:28,16,59.93,8.24
1584,08-07-2026 12:33:28,16.1,58.01,7.85
1585,08-07-2026 12:43:28,16.19,58.44,8.04
1586,08-07-2026 12:53:28,16.3,58.31,8.11
1587,08-07-2026 13:03:28,16.48,57.7,8.13
1588,08-07-2026 13:13:28,16.58,56.97,8.04
1589,08-07-2026 13:23:28,16.71,56.46,8.03
1590,08-07-2026 13:33:28,16.83,56.8,8.22
1591,08-07-2026 13:43:28,17.02,55.98,8.19
1592,08-07-2026 13:53:28,17.12,54.45,7.88
1593,08-07-2026 14:03:28,16.83,53.33,7.3
1594,08-07-2026 14:13:28,15.84,53.19,6.34
1595,08-07-2026 14:23:28,14.98,64.05,8.26
1596,08-07-2026 14:33:28,11.11,84.58,8.62
1597,08-07-2026 14:43:28,10.34,86.92,8.27
1598,08-07-2026 14:53:28,10.87,87.64,8.91
1599,08-07-2026 15:03:28,11.45,85.59,9.13
1600,08-07-2026 15:13:28,11.83,84.14,9.25
1601,08-07-2026 15:23:28,12.29,82.53,9.41
1602,08-07-2026 15:33:28,12.75,81.1,9.6
1603,08-07-2026 15:43:28,13,80.06,9.65
1604,08-07-2026 15:53:28,13.38,79.1,9.85
1605,08-07-2026 16:03:28,13.33,77.69,9.53
1606,08-07-2026 16:13:28,13.47,76.3,9.39
1607,08-07-2026 16:23:28,13.71,72.92,8.96
1608,08-07-2026 16:33:28,13.83,74.17,9.32
1609,08-07-2026 16:43:28,14,71.71,8.99
1610,08-07-2026 16:53:28,14.18,72.06,9.23
1611,08-07-2026 17:03:28,14.27,71.81,9.27
1612,08-07-2026 17:13:28,14.28,73.87,9.7
1613,08-07-2026 17:23:28,14.08,71.4,9.01
1614,08-07-2026 17:33:28,13.8,73.31,9.12
1615,08-07-2026 17:43:28,13.77,74.21,9.27
1616,08-07-2026 17:53:28,13.83,71.06,8.69
1617,08-07-2026 18:03:28,13.94,72.32,9.05
1618,08-07-2026 18:13:28,14.14,70.82,8.94
1619,08-07-2026 18:23:28,14.37,69.97,8.98
1620,08-07-2026 18:33:28,14.39,70.56,9.12
1621,08-07-2026 18:43:28,14.62,69.18,9.05
1622,08-07-2026 18:53:28,14.78,66.6,8.64
1623,08-07-2026 19:03:28,15.03,65.46,8.62
1624,08-07-2026 19:13:28,15.02,66.06,8.75
1625,08-07-2026 19:23:28,15.09,65.09,8.6
1626,08-07-2026 19:33:28,15.02,66.91,8.94
1627,08-07-2026 19:43:28,14.85,68.74,9.18
1628,08-07-2026 19:53:28,14.88,66.32,8.67
1629,08-07-2026 20:03:28,14.76,69.46,9.25
1630,08-07-2026 20:13:28,14.59,69.34,9.06
1631,08-07-2026 20:23:28,14.23,69.56,8.76
1632,08-07-2026 20:33:28,14.11,68.86,8.49
1633,08-07-2026 20:43:28,13.97,71.28,8.87
1634,08-07-2026 20:53:28,13.92,71.23,8.81
1635,08-07-2026 21:03:28,13.97,69.91,8.59
1636,08-07-2026 21:13:28,14.15,68.08,8.37
1637,08-07-2026 21:23:28,14.26,68.85,8.63
1638,08-07-2026 21:33:28,14.1,68.16,8.33
1639,08-07-2026 21:43:28,13.75,70.49,8.49
1640,08-07-2026 21:53:28,13.46,70.2,8.15
1641,08-07-2026 22:03:28,13.27,70.85,8.11
1642,08-07-2026 22:13:28,13.04,72.59,8.24
1643,08-07-2026 22:23:28,12.85,72.92,8.13
1644,08-07-2026 22:33:28,12.6,73.15,7.93
1645,08-07-2026 22:43:28,12.44,72.61,7.66
1646,08-07-2026 22:53:28,12.2,73.8,7.68
1647,08-07-2026 23:03:28,11.97,73.09,7.31
1648,08-07-2026 23:13:28,11.85,72.23,7.03
1649,08-07-2026 23:23:28,11.64,73.71,7.12
1650,08-07-2026 23:33:28,11.39,75.12,7.15
1651,08-07-2026 23:43:28,11.26,74.58,6.92
1652,08-07-2026 23:53:28,11.04,75.97,6.98
1653,08-08-2026 00:03:28,10.88,76.23,6.87
1654,08-08-2026 00:13:28,10.74,77.14,6.91
1655,08-08-2026 00:23:28,10.57,76.76,6.67
1656,08-08-2026 00:33:28,10.4,76.12,6.38
1657,08-08-2026 00:43:28,10.26,77.13,6.44
1658,08-08-2026 00:53:28,10.15,77.41,6.38
1659,08-08-2026 01:03:28,10.03,78.59,6.49
1660,08-08-2026 01:13:28,9.95,78.44,6.39
1661,08-08-2026 01:23:28,9.96,77.8,6.28
1662,08-08-2026 01:33:28,9.89,77.64,6.18
1663,08-08-2026 01:43:28,9.84,78.4,6.27
1664,08-08-2026 01:53:28,9.81,78.41,6.24
1665,08-08-2026 02:03:28,9.66,79.54,6.3
1666,08-08-2026 02:13:28,9.45,79.39,6.07
1667,08-08-2026 02:23:28,9.35,79.74,6.04
1668,08-08-2026 02:33:28,9.42,79.94,6.14
1669,08-08-2026 02:43:28,9.23,80.08,5.99
1670,08-08-2026 02:53:28,9.17,80.1,5.93
1671,08-08-2026 03:03:28,9.08,79.35,5.71
1672,08-08-2026 03:13:28,8.9,81.29,5.88
1673,08-08-2026 03:23:28,8.87,80.1,5.63
1674,08-08-2026 03:33:28,8.81,81.74,5.87
1675,08-08-2026 03:43:28,8.9,81.19,5.86
1676,08-08-2026 03:53:28,8.79,81.45,5.8
1677,08-08-2026 04:03:28,8.72,81.61,5.76
1678,08-08-2026 04:13:28,8.61,82.31,5.78
1679,08-08-2026 04:23:28,8.61,82.08,5.74
1680,08-08-2026 04:33:28,8.71,82.49,5.9
1681,08-08-2026 04:43:28,8.87,82.4,6.05
1682,08-08-2026 04:53:28,8.82,83.01,6.1
1683,08-08-2026 05:03:28,8.89,84.92,6.5
1684,08-08-2026 05:13:28,8.84,85.52,6.56
1685,08-08-2026 05:23:28,8.82,85.52,6.53
1686,08-08-2026 05:33:28,8.93,87.23,6.93
1687,08-08-2026 05:43:28,8.97,87.2,6.96
1688,08-08-2026 05:53:28,8.93,85.87,6.7
1689,08-08-2026 06:03:28,8.75,86.21,6.58
1690,08-08-2026 06:13:28,8.63,86.87,6.58
1691,08-08-2026 06:23:28,8.61,87.46,6.65
1692,08-08-2026 06:33:28,8.62,87.59,6.69
1693,08-08-2026 06:43:28,8.72,88.52,6.93
1694,08-08-2026 06:53:28,8.76,87.48,6.8
1695,08-08-2026 07:03:28,9.02,87.35,7.04
1696,08-08-2026 07:13:28,9.23,86.36,7.08
1697,08-08-2026 07:23:28,9.51,84.97,7.12
1698,08-08-2026 07:33:28,9.66,85.18,7.31
1699,08-08-2026 07:43:28,9.78,83.89,7.2
1700,08-08-2026 07:53:28,9.74,84.37,7.24
1701,08-08-2026 08:03:28,9.72,84.13,7.18
1702,08-08-2026 08:13:28,9.75,84.17,7.22
1703,08-08-2026 08:23:28,9.81,83.82,7.21
1704,08-08-2026 08:33:28,9.79,84.06,7.23
1705,08-08-2026 08:43:28,9.81,83.39,7.14
1706,08-08-2026 08:53:28,9.86,83.88,7.27
1707,08-08-2026 09:03:28,9.9,83.25,7.2
1708,08-08-2026 09:13:28,9.94,82.17,7.05
1709,08-08-2026 09:23:28,9.98,82.12,7.08
1710,08-08-2026 09:33:28,10.11,82.97,7.36
1711,08-08-2026 09:43:28,10.34,82.21,7.45
1712,08-08-2026 09:53:28,10.73,82.5,7.88
1713,08-08-2026 10:03:28,11.02,80.62,7.83
1714,08-08-2026 10:13:28,11.13,80.11,7.84
1715,08-08-2026 10:23:28,11.23,77.89,7.53
1716,08-08-2026 10:33:28,11.24,79.7,7.87
1717,08-08-2026 10:43:28,11.12,79.32,7.68
1718,08-08-2026 10:53:28,11.15,78.75,7.61
1719,08-08-2026 11:03:28,11.44,77.72,7.7
1720,08-08-2026 11:13:28,11.87,76.97,7.98
1721,08-08-2026 11:23:28,12.22,77.05,8.33
1722,08-08-2026 11:33:28,12.43,75.29,8.19
1723,08-08-2026 11:43:28,12.55,74.96,8.24
1724,08-08-2026 11:53:28,12.47,75.15,8.2
1725,08-08-2026 12:03:28,12.62,75.07,8.34
1726,08-08-2026 12:13:28,12.94,74.24,8.48
1727,08-08-2026 12:23:28,13.14,72.37,8.29
1728,08-08-2026 12:33:28,13.33,71.14,8.22
1729,08-08-2026 12:43:28,13.64,70.65,8.42
1730,08-08-2026 12:53:28,13.83,70,8.47
1731,08-08-2026 13:03:28,13.97,69.03,8.39
1732,08-08-2026 13:13:28,13.98,68.94,8.39
1733,08-08-2026 13:23:28,14.08,66.92,8.05
1734,08-08-2026 13:33:28,14.3,69.43,8.79
1735,08-08-2026 13:43:28,14.3,68.44,8.58
1736,08-08-2026 13:53:28,14.15,69.15,8.59
1737,08-08-2026 14:03:28,13.99,68.77,8.36
1738,08-08-2026 14:13:28,13.97,71.35,8.88
1739,08-08-2026 14:23:28,13.92,70.91,8.75
1740,08-08-2026 14:33:28,14.02,70.5,8.76
1741,08-08-2026 14:43:28,14.04,68.89,8.43
1742,08-08-2026 14:53:28,13.98,68.28,8.25
1743,08-08-2026 15:03:28,13.47,68.89,7.88
1744,08-08-2026 15:13:28,13.36,69.78,7.97
1745,08-08-2026 15:23:28,13.74,68.43,8.05
1746,08-08-2026 15:33:28,14.17,69.59,8.71
1747,08-08-2026 15:43:28,14.44,68.73,8.78
1748,08-08-2026 15:53:28,14.35,69.02,8.76
1749,08-08-2026 16:03:28,14.4,68.18,8.63
1750,08-08-2026 16:13:28,14.49,66.22,8.28
1751,08-08-2026 16:23:28,14.51,65.96,8.24
1752,08-08-2026 16:33:28,14.35,65.87,8.07
1753,08-08-2026 16:43:28,14.19,64.96,7.72
1754,08-08-2026 16:53:28,13.99,66.21,7.8
1755,08-08-2026 17:03:28,13.8,66.46,7.68
1756,08-08-2026 17:13:28,13.69,67.04,7.69
1757,08-08-2026 17:23:28,13.44,69.17,7.92
1758,08-08-2026 17:33:28,13.39,70.17,8.08
1759,08-08-2026 17:43:28,13.55,69.87,8.17
1760,08-08-2026 17:53:28,13.59,67.52,7.7
1761,08-08-2026 18:03:28,13.19,69.2,7.69
1762,08-08-2026 18:13:28,12.93,68.86,7.36
1763,08-08-2026 18:23:28,12.77,69.96,7.44
1764,08-08-2026 18:33:28,12.61,70.3,7.36
1765,08-08-2026 18:43:28,12.73,70.8,7.57
1766,08-08-2026 18:53:28,12.66,67.92,6.91
1767,08-08-2026 19:03:28,12.53,66.55,6.48
1768,08-08-2026 19:13:28,12.48,65.84,6.28
1769,08-08-2026 19:23:28,12.51,66.15,6.38
1770,08-08-2026 19:33:28,12.47,66.69,6.46
1771,08-08-2026 19:43:28,12.46,67.23,6.56
1772,08-08-2026 19:53:28,12.49,66.72,6.48
1773,08-08-2026 20:03:28,12.52,66.94,6.56
1774,08-08-2026 20:13:28,12.46,65.46,6.18
1775,08-08-2026 20:23:28,12.37,66.76,6.38
1776,08-08-2026 20:33:28,12.38,66.42,6.31
1777,08-08-2026 20:43:28,12.37,65.65,6.13
1778,08-08-2026 20:53:28,12.17,65.8,5.98
1779,08-08-2026 21:03:28,12.03,66.17,5.93
1780,08-08-2026 21:13:28,11.97,66.11,5.86
1781,08-08-2026 21:23:28,11.88,66.29,5.81
1782,08-08-2026 21:33:28,11.8,65.3,5.52
1783,08-08-2026 21:43:28,11.73,67.95,6.03
1784,08-08-2026 21:53:28,11.66,66.33,5.6
1785,08-08-2026 22:03:28,11.55,66.87,5.61
1786,08-08-2026 22:13:28,11.41,67.96,5.71
1787,08-08-2026 22:23:28,11.25,65.16,4.96
1788,08-08-2026 22:33:28,11.21,66.17,5.14
1789,08-08-2026 22:43:28,11.08,68.15,5.45
1790,08-08-2026 22:53:28,11,69.49,5.64
1791,08-08-2026 23:03:28,10.87,68.67,5.35
1792,08-08-2026 23:13:28,10.75,69.09,5.32
1793,08-08-2026 23:23:28,10.65,69.97,5.41
1794,08-08-2026 23:33:28,10.61,68.23,5.01
1795,08-08-2026 23:43:28,10.54,68.62,5.02
1796,08-08-2026 23:53:28,10.51,68.71,5.01
1797,08-09-2026 00:03:28,10.38,69.34,5.02
1798,08-09-2026 00:13:28,10.35,68.62,4.84
1799,08-09-2026 00:23:28,10.23,68.69,4.75
1800,08-09-2026 00:33:28,10.21,69.35,4.86
1801,08-09-2026 00:43:28,10.18,68.46,4.64
1802,08-09-2026 00:53:28,10.06,68.62,4.57
1803,08-09-2026 01:03:28,9.95,69.59,4.66
1804,08-09-2026 01:13:28,9.85,69.44,4.53
1805,08-09-2026 01:23:28,9.75,69.55,4.46
1806,08-09-2026 01:33:28,9.79,68.36,4.26
1807,08-09-2026 01:43:28,9.73,69.05,4.34
1808,08-09-2026 01:53:28,9.66,67.62,3.98
1809,08-09-2026 02:03:28,9.59,66.46,3.66
1810,08-09-2026 02:13:28,9.59,68.33,4.05
1811,08-09-2026 02:23:28,9.47,67.76,3.82
1812,08-09-2026 02:33:28,9.37,67.63,3.7
1813,08-09-2026 02:43:28,9.23,68.8,3.8
1814,08-09-2026 02:53:28,9.15,68.23,3.62
1815,08-09-2026 03:03:28,8.97,70.5,3.91
1816,08-09-2026 03:13:28,8.74,70.95,3.77
1817,08-09-2026 03:23:28,8.47,72.04,3.73
1818,08-09-2026 03:33:28,8.34,71.85,3.57
1819,08-09-2026 03:43:28,8.39,72.86,3.81
1820,08-09-2026 03:53:28,8.3,73.77,3.91
1821,08-09-2026 04:03:28,8.24,72.43,3.59
1822,08-09-2026 04:13:28,8.23,74.94,4.06
1823,08-09-2026 04:23:28,8.26,74.75,4.05
1824,08-09-2026 04:33:28,8.23,74.3,3.93
1825,08-09-2026 04:43:28,8.23,75.35,4.13
1826,08-09-2026 04:53:28,8.25,74.52,4
1827,08-09-2026 05:03:28,8.13,74.54,3.89
1828,08-09-2026 05:13:28,8.07,75.54,4.02
1829,08-09-2026 05:23:28,8.12,75.57,4.07
1830,08-09-2026 05:33:28,8.27,74.97,4.11
1831,08-09-2026 05:43:28,8.3,75,4.14
1832,08-09-2026 05:53:28,8.14,75.52,4.08
1833,08-09-2026 06:03:28,8.08,75.44,4
1834,08-09-2026 06:13:28,8.14,75.13,4.01
1835,08-09-2026 06:23:28,8.21,74.84,4.02
1836,08-09-2026 06:33:28,8.19,74.96,4.02
1837,08-09-2026 06:43:28,8.19,75.85,4.2
1838,08-09-2026 06:53:28,8.21,75.89,4.22
1839,08-09-2026 07:03:28,8.23,76.41,4.33
1840,08-09-2026 07:13:28,8.28,76.37,4.38
1841,08-09-2026 07:23:28,8.3,76.29,4.39
1842,08-09-2026 07:33:28,8.33,76.18,4.39
1843,08-09-2026 07:43:28,8.29,76.68,4.44
1844,08-09-2026 07:53:28,8.38,77.07,4.61
1845,08-09-2026 08:03:28,8.61,75.67,4.56
1846,08-09-2026 08:13:28,8.86,76.63,4.99
1847,08-09-2026 08:23:28,9.14,76.85,5.3
1848,08-09-2026 08:33:28,9.23,75.52,5.14
1849,08-09-2026 08:43:28,9.31,75.88,5.29
1850,08-09-2026 08:53:28,9.26,75.74,5.21
1851,08-09-2026 09:03:28,9.21,75.98,5.21
1852,08-09-2026 09:13:28,9.26,76.69,5.39
1853,08-09-2026 09:23:28,9.27,76.19,5.3
1854,08-09-2026 09:33:28,9.45,76.3,5.5
1855,08-09-2026 09:43:28,9.66,75.49,5.54
1856,08-09-2026 09:53:28,9.77,74.79,5.52
1857,08-09-2026 10:03:28,9.87,74.71,5.6
1858,08-09-2026 10:13:28,10.02,74.28,5.67
1859,08-09-2026 10:23:28,10.42,73.18,5.83
1860,08-09-2026 10:33:28,11.08,71.94,6.22
1861,08-09-2026 10:43:28,11.38,69.32,5.98
1862,08-09-2026 10:53:28,11.61,68.52,6.02
1863,08-09-2026 11:03:28,11.37,69.82,6.07
1864,08-09-2026 11:13:28,11.47,69.45,6.09
1865,08-09-2026 11:23:28,11.57,68.35,5.95
1866,08-09-2026 11:33:28,11.79,66.12,5.69
1867,08-09-2026 11:43:28,11.94,64.69,5.51
1868,08-09-2026 11:53:28,12.07,65.31,5.77
1869,08-09-2026 12:03:28,12.23,64.27,5.69
1870,08-09-2026 12:13:28,12.54,63.28,5.76
1871,08-09-2026 12:23:28,12.57,62.71,5.66
1872,08-09-2026 12:33:28,12.55,62.7,5.64
1873,08-09-2026 12:43:28,12.58,60.09,5.05
1874,08-09-2026 12:53:28,12.9,60.2,5.38
1875,08-09-2026 13:03:28,12.99,58.95,5.17
1876,08-09-2026 13:13:28,13.07,61.21,5.78
1877,08-09-2026 13:23:28,13.18,60.45,5.71
1878,08-09-2026 13:33:28,13.13,60.88,5.77
1879,08-09-2026 13:43:28,13.04,60.29,5.54
1880,08-09-2026 13:53:28,12.99,59.88,5.39
1881,08-09-2026 14:03:28,13.21,58.06,5.16
1882,08-09-2026 14:13:28,13.26,57.75,5.12
1883,08-09-2026 14:23:28,13.26,59.31,5.51
1884,08-09-2026 14:33:28,13.33,58.67,5.42
1885,08-09-2026 14:43:28,13.29,59.64,5.62
1886,08-09-2026 14:53:28,13.33,60.21,5.79
1887,08-09-2026 15:03:28,13.32,59.94,5.72
1888,08-09-2026 15:13:28,13.08,61.38,5.83
1889,08-09-2026 15:23:28,13.02,60.61,5.6
1890,08-09-2026 15:33:28,12.94,61.37,5.7
1891,08-09-2026 15:43:28,13.01,62.3,5.98
1892,08-09-2026 15:53:28,13.15,61.22,5.87
1893,08-09-2026 16:03:28,13.23,60.81,5.84
1894,08-09-2026 16:13:28,13.24,60.28,5.72
1895,08-09-2026 16:23:28,13.24,60.62,5.8
1896,08-09-2026 16:33:28,13.04,61.44,5.81
1897,08-09-2026 16:43:28,12.87,61.32,5.62
1898,08-09-2026 16:53:28,12.81,61.3,5.56
1899,08-09-2026 17:03:28,12.53,61.74,5.4
1900,08-09-2026 17:13:28,12.45,61.63,5.3
1901,08-09-2026 17:23:28,12.56,61.09,5.28
1902,08-09-2026 17:33:28,12.6,60.91,5.27
1903,08-09-2026 17:43:28,12.63,59.25,4.9
1904,08-09-2026 17:53:28,12.72,57.57,4.57
1905,08-09-2026 18:03:28,12.96,58.15,4.94
1906,08-09-2026 18:13:28,13.26,57.85,5.15
1907,08-09-2026 18:23:28,13.54,57.53,5.33
1908,08-09-2026 18:33:28,13.58,56.29,5.06
1909,08-09-2026 18:43:28,13.41,58.53,5.46
1910,08-09-2026 18:53:28,13.08,57.79,4.97
1911,08-09-2026 19:03:28,12.95,58.9,5.11
1912,08-09-2026 19:13:28,12.86,59.57,5.2
1913,08-09-2026 19:23:28,12.79,59.27,5.05
1914,08-09-2026 19:33:28,12.72,58.59,4.82
1915,08-09-2026 19:43:28,12.59,59.83,5
1916,08-09-2026 19:53:28,12.62,60.14,5.1
1917,08-09-2026 20:03:28,12.48,59.61,4.85
1918,08-09-2026 20:13:28,12.19,61.92,5.12
1919,08-09-2026 20:23:28,11.96,62.45,5.02
1920,08-09-2026 20:33:28,11.89,62.55,4.98
1921,08-09-2026 20:43:28,11.82,63.22,5.07
1922,08-09-2026 20:53:28,11.69,63.65,5.04
1923,08-09-2026 21:03:28,11.59,64.4,5.12
1924,08-09-2026 21:13:28,11.53,64.52,5.08
1925,08-09-2026 21:23:28,11.48,64.73,5.08
1926,08-09-2026 21:33:28,11.37,65.24,5.09
1927,08-09-2026 21:43:28,11.25,65.98,5.14
1928,08-09-2026 21:53:28,11.14,66.08,5.06
1929,08-09-2026 22:03:28,11.08,66.01,4.98
1930,08-09-2026 22:13:28,10.87,65.9,4.76
1931,08-09-2026 22:23:28,10.77,66.54,4.81
1932,08-09-2026 22:33:28,10.68,66.78,4.77
1933,08-09-2026 22:43:28,10.59,66.87,4.71
1934,08-09-2026 22:53:28,10.53,67.48,4.77
1935,08-09-2026 23:03:28,10.44,68.19,4.84
1936,08-09-2026 23:13:28,10.3,68.52,4.77
1937,08-09-2026 23:23:28,10.15,68.93,4.71
1938,08-09-2026 23:33:28,10,69.34,4.65
1939,08-09-2026 23:43:28,9.99,68.45,4.46
1940,08-09-2026 23:53:28,9.89,68.06,4.28
1941,08-10-2026 00:03:28,9.81,67.91,4.18
1942,08-10-2026 00:13:28,9.74,68.75,4.29
1943,08-10-2026 00:23:28,9.68,69.28,4.34
1944,08-10-2026 00:33:28,9.58,69.76,4.34
1945,08-10-2026 00:43:28,9.51,69.92,4.31
1946,08-10-2026 00:53:28,9.5,70.46,4.41
1947,08-10-2026 01:03:28,9.33,71.23,4.39
1948,08-10-2026 01:13:28,9.14,74.25,4.81
1949,08-10-2026 01:23:28,8.84,74.77,4.62
1950,08-10-2026 01:33:28,8.83,74.83,4.62
1951,08-10-2026 01:43:28,8.79,74.26,4.48
1952,08-10-2026 01:53:28,8.66,74.31,4.36
1953,08-10-2026 02:03:28,8.66,73.57,4.21
1954,08-10-2026 02:13:28,8.3,75.23,4.19
1955,08-10-2026 02:23:28,8.05,76.01,4.08
1956,08-10-2026 02:33:28,7.95,76.71,4.12
1957,08-10-2026 02:43:28,8.05,75.93,4.07
1958,08-10-2026 02:53:28,7.87,77.41,4.18
1959,08-10-2026 03:03:28,7.88,77.24,4.15
1960,08-10-2026 03:13:28,7.91,76.88,4.12
1961,08-10-2026 03:23:28,7.85,76.6,4
1962,08-10-2026 03:33:28,7.79,77.1,4.04
1963,08-10-2026 03:43:28,7.77,76.85,3.97
1964,08-10-2026 03:53:28,7.79,76.6,3.95
1965,08-10-2026 04:03:28,7.7,76.83,3.9
1966,08-10-2026 04:13:28,7.52,76.96,3.75
1967,08-10-2026 04:23:28,7.46,77.63,3.81
1968,08-10-2026 04:33:28,7.44,77.65,3.79
1969,08-10-2026 04:43:28,7.4,77.61,3.75
1970,08-10-2026 04:53:28,7.33,78.08,3.77
1971,08-10-2026 05:03:28,7.3,78.6,3.83
1972,08-10-2026 05:13:28,7.18,79.16,3.82
1973,08-10-2026 05:23:28,7.41,77.52,3.75
1974,08-10-2026 05:33:28,7.16,78.67,3.71
1975,08-10-2026 05:43:28,7.21,79.13,3.84
1976,08-10-2026 05:53:28,7.22,79.56,3.93
1977,08-10-2026 06:03:28,7.19,79.53,3.89
1978,08-10-2026 06:13:28,7.1,79.66,3.83
1979,08-10-2026 06:23:28,6.97,79.93,3.76
1980,08-10-2026 06:33:28,6.83,80.47,3.72
1981,08-10-2026 06:43:28,6.73,81.13,3.73
1982,08-10-2026 06:53:28,6.83,81.4,3.87
1983,08-10-2026 07:03:28,6.9,80.7,3.82
1984,08-10-2026 07:13:28,6.86,81.18,3.86
1985,08-10-2026 07:23:28,6.83,80.83,3.78
1986,08-10-2026 07:33:28,6.86,80.85,3.81
1987,08-10-2026 07:43:28,6.86,81.05,3.84
1988,08-10-2026 07:53:28,6.97,81.34,4
1989,08-10-2026 08:03:28,7.04,81.12,4.03
1990,08-10-2026 08:13:28,7.12,80.8,4.06
1991,08-10-2026 08:23:28,7.13,80.62,4.03
1992,08-10-2026 08:33:28,7.22,81.39,4.25
1993,08-10-2026 08:43:28,7.26,82.14,4.43
1994,08-10-2026 08:53:28,7.34,82.64,4.58
1995,08-10-2026 09:03:28,7.61,82.49,4.83
1996,08-10-2026 09:13:28,8.05,80.79,4.96
1997,08-10-2026 09:23:28,8.25,81.29,5.24
1998,08-10-2026 09:33:28,8.33,80.14,5.12
1999,08-10-2026 09:43:28,8.35,80.15,5.14
2000,08-10-2026 09:53:28,8.48,78.75,5.01
2001,08-10-2026 10:03:28,8.72,77.48,5.01
2002,08-10-2026 10:13:28,8.92,77.46,5.2
2003,08-10-2026 10:23:28,9.01,77.04,5.21
2004,08-10-2026 10:33:28,9.15,75.85,5.12
2005,08-10-2026 10:43:28,9.27,75.21,5.12
2006,08-10-2026 10:53:28,9.32,73.15,4.77
2007,08-10-2026 11:03:28,9.26,73.1,4.7
2008,08-10-2026 11:13:28,9.33,74.68,5.07
2009,08-10-2026 11:23:28,9.41,74.5,5.11
2010,08-10-2026 11:33:28,9.45,73.46,4.95
2011,08-10-2026 11:43:28,9.32,73.69,4.87
2012,08-10-2026 11:53:28,9.4,74.38,5.08
2013,08-10-2026 12:03:28,9.65,73.52,5.16
2014,08-10-2026 12:13:28,9.92,72.41,5.2
2015,08-10-2026 12:23:28,10.19,71.4,5.26
2016,08-10-2026 12:33:28,10.55,71.49,5.63
2017,08-10-2026 12:43:28,10.57,70.06,5.35
2018,08-10-2026 12:53:28,10.77,70.4,5.62
2019,08-10-2026 13:03:28,11.27,68.29,5.66
2020,08-10-2026 13:13:28,11.44,65.76,5.27
2021,08-10-2026 13:23:28,11.53,64.58,5.1
2022,08-10-2026 13:33:28,11.72,64.98,5.36
2023,08-10-2026 13:43:28,11.93,61.28,4.72
2024,08-10-2026 13:53:28,12,60.85,4.69
2025,08-10-2026 14:03:28,12.03,61.9,4.96
2026,08-10-2026 14:13:28,12.02,63.12,5.24
2027,08-10-2026 14:23:28,12.07,65.47,5.81
2028,08-10-2026 14:33:28,12.18,62.65,5.28
2029,08-10-2026 14:43:28,12.35,61.8,5.24
2030,08-10-2026 14:53:28,12.39,62.09,5.35
2031,08-10-2026 15:03:28,12.37,62.29,5.37
2032,08-10-2026 15:13:28,12.15,63.14,5.36
2033,08-10-2026 15:23:28,11.94,64.84,5.54
2034,08-10-2026 15:33:28,11.92,65.17,5.6
2035,08-10-2026 15:43:28,11.86,63.57,5.19
2036,08-10-2026 15:53:28,12.01,63.98,5.42
2037,08-10-2026 16:03:28,11.97,64.16,5.42
2038,08-10-2026 16:13:28,12.08,63.98,5.48
2039,08-10-2026 16:23:28,12.23,63.94,5.62
2040,08-10-2026 16:33:28,12.4,65.25,6.07
2041,08-10-2026 16:43:28,12.49,65.94,6.31
2042,08-10-2026 16:53:28,12.49,64.08,5.9
2043,08-10-2026 17:03:28,12.34,63.62,5.65
2044,08-10-2026 17:13:28,12.27,63.12,5.47
2045,08-10-2026 17:23:28,12.29,63.69,5.62
2046,08-10-2026 17:33:28,12.13,66.63,6.12
2047,08-10-2026 17:43:28,12.08,69.57,6.69
2048,08-10-2026 17:53:28,12.06,69.52,6.67
2049,08-10-2026 18:03:28,12.01,72.8,7.3
2050,08-10-2026 18:13:28,11.73,70.78,6.61
2051,08-10-2026 18:23:28,11.54,72.3,6.74
2052,08-10-2026 18:33:28,11.55,72.03,6.69
2053,08-10-2026 18:43:28,11.55,71,6.48
2054,08-10-2026 18:53:28,11.48,68.47,5.9
2055,08-10-2026 19:03:28,11.23,68.46,5.65
2056,08-10-2026 19:13:28,10.9,68.83,5.42
2057,08-10-2026 19:23:28,10.85,69.11,5.43
2058,08-10-2026 19:33:28,10.84,68.89,5.37
2059,08-10-2026 19:43:28,10.95,68.65,5.43
2060,08-10-2026 19:53:28,11.12,69.15,5.7
2061,08-10-2026 20:03:28,11.12,68.47,5.55
2062,08-10-2026 20:13:28,11.13,67.99,5.46
2063,08-10-2026 20:23:28,11.1,67.84,5.4
2064,08-10-2026 20:33:28,11.17,67.41,5.37
2065,08-10-2026 20:43:28,11.24,67.67,5.49
2066,08-10-2026 20:53:28,10.9,68.01,5.24
2067,08-10-2026 21:03:28,10.65,68.85,5.17
2068,08-10-2026 21:13:28,10.62,68.68,5.12
2069,08-10-2026 21:23:28,10.48,68.43,4.93
2070,08-10-2026 21:33:28,10.29,68.96,4.85
2071,08-10-2026 21:43:28,10.05,69.24,4.69
2072,08-10-2026 21:53:28,9.73,70.38,4.61
2073,08-10-2026 22:03:28,9.48,71.35,4.57
2074,08-10-2026 22:13:28,9.19,71.72,4.36
2075,08-10-2026 22:23:28,8.91,72.72,4.29
2076,08-10-2026 22:33:28,8.82,72.73,4.2
2077,08-10-2026 22:43:28,8.79,72.6,4.14
2078,08-10-2026 22:53:28,8.89,72.61,4.25
2079,08-10-2026 23:03:28,8.96,72.57,4.31
2080,08-10-2026 23:13:28,8.87,71.65,4.04
2081,08-10-2026 23:23:28,8.55,73.28,4.05
2082,08-10-2026 23:33:28,7.99,74.45,3.74
2083,08-10-2026 23:43:28,7.6,75.41,3.54
2084,08-10-2026 23:53:28,7.49,76.18,3.58
2085,08-11-2026 00:03:28,7.53,76.36,3.65
2086,08-11-2026 00:13:28,7.39,76.12,3.47
2087,08-11-2026 00:23:28,7.11,76.87,3.33
2088,08-11-2026 00:33:28,6.86,77.58,3.22
2089,08-11-2026 00:43:28,6.64,77.85,3.06
2090,08-11-2026 00:53:28,6.52,78.21,3.01
2091,08-11-2026 01:03:28,6.53,78.25,3.02
2092,08-11-2026 01:13:28,6.64,78.77,3.22
2093,08-11-2026 01:23:28,6.54,78.21,3.03
2094,08-11-2026 01:33:28,6.41,79.11,3.06
2095,08-11-2026 01:43:28,6.3,79.44,3.02
2096,08-11-2026 01:53:28,6.21,79.74,2.98
2097,08-11-2026 02:03:28,6.13,79.97,2.94
2098,08-11-2026 02:13:28,6.01,80.5,2.92
2099,08-11-2026 02:23:28,6,80.66,2.93
2100,08-11-2026 02:33:28,5.97,80.83,2.93
2101,08-11-2026 02:43:28,5.93,80.59,2.85
2102,08-11-2026 02:53:28,5.86,80.78,2.82
2103,08-11-2026 03:03:28,5.86,80.8,2.82
2104,08-11-2026 03:13:28,5.9,80.87,2.88
2105,08-11-2026 03:23:28,5.99,81.01,2.99
2106,08-11-2026 03:33:28,6.08,80.7,3.02
2107,08-11-2026 03:43:28,5.97,81.05,2.97
2108,08-11-2026 03:53:28,5.9,81.49,2.98
2109,08-11-2026 04:03:28,5.98,81.03,2.98
2110,08-11-2026 04:13:28,5.84,81.55,2.94
2111,08-11-2026 04:23:28,5.77,82.07,2.96
2112,08-11-2026 04:33:28,5.86,81.76,2.99
2113,08-11-2026 04:43:28,5.77,81.86,2.92
2114,08-11-2026 04:53:28,5.7,82.07,2.89
2115,08-11-2026 05:03:28,5.64,81.9,2.8
2116,08-11-2026 05:13:28,5.62,82.43,2.87
2117,08-11-2026 05:23:28,5.6,81.88,2.76
2118,08-11-2026 05:33:28,5.54,81.81,2.69
2119,08-11-2026 05:43:28,5.54,81.95,2.7
2120,08-11-2026 05:53:28,5.54,82.3,2.77
2121,08-11-2026 06:03:28,5.56,81.81,2.7
2122,08-11-2026 06:13:28,5.45,81.64,2.57
2123,08-11-2026 06:23:28,5.46,82.1,2.66
2124,08-11-2026 06:33:28,5.44,82.13,2.64
2125,08-11-2026 06:43:28,5.51,82.56,2.78
2126,08-11-2026 06:53:28,5.5,82.47,2.76
2127,08-11-2026 07:03:28,5.48,82.38,2.72
2128,08-11-2026 07:13:28,5.59,82.47,2.85
2129,08-11-2026 07:23:28,5.64,82.26,2.86
2130,08-11-2026 07:33:28,5.76,81.59,2.86
2131,08-11-2026 07:43:28,5.87,80.57,2.8
2132,08-11-2026 07:53:28,5.96,80.14,2.8
2133,08-11-2026 08:03:28,6,79.91,2.8
2134,08-11-2026 08:13:28,6.06,80.23,2.92
2135,08-11-2026 08:23:28,6.05,79.73,2.82
2136,08-11-2026 08:33:28,6.12,79.62,2.87
2137,08-11-2026 08:43:28,6.19,78.94,2.82
2138,08-11-2026 08:53:28,6.26,79.54,2.99
2139,08-11-2026 09:03:28,6.33,79.63,3.07
2140,08-11-2026 09:13:28,6.46,78.28,2.96
2141,08-11-2026 09:23:28,6.54,79.23,3.21
2142,08-11-2026 09:33:28,6.67,78.15,3.14
2143,08-11-2026 09:43:28,6.82,77.99,3.26
2144,08-11-2026 09:53:28,7.12,77.51,3.46
2145,08-11-2026 10:03:28,7.54,76.23,3.63
2146,08-11-2026 10:13:28,7.92,75.16,3.8
2147,08-11-2026 10:23:28,8.12,74.46,3.86
2148,08-11-2026 10:33:28,8.59,72.64,3.97
2149,08-11-2026 10:43:28,9.25,71.28,4.33
2150,08-11-2026 10:53:28,9.38,70.37,4.27
2151,08-11-2026 11:03:28,8.94,72.36,4.24
2152,08-11-2026 11:13:28,8.64,73.55,4.19
2153,08-11-2026 11:23:28,8.62,74.55,4.36
2154,08-11-2026 11:33:28,8.72,74.8,4.51
2155,08-11-2026 11:43:28,8.84,74.03,4.48
2156,08-11-2026 11:53:28,8.96,73.84,4.56
2157,08-11-2026 12:03:28,8.98,73.41,4.49
2158,08-11-2026 12:13:28,9.01,73.48,4.54
2159,08-11-2026 12:23:28,9.04,73.29,4.52
2160,08-11-2026 12:33:28,9.04,73.4,4.55
2161,08-11-2026 12:43:28,9.18,73.08,4.62
2162,08-11-2026 12:53:28,9.28,72.83,4.67
2163,08-11-2026 13:03:28,9.41,71.92,4.62
2164,08-11-2026 13:13:28,9.61,72.11,4.85
2165,08-11-2026 13:23:28,9.78,71.11,4.81
2166,08-11-2026 13:33:28,10.3,70.19,5.12
2167,08-11-2026 13:43:28,10.76,69.01,5.31
2168,08-11-2026 13:53:28,11.11,65.91,4.99
2169,08-11-2026 14:03:28,11.26,65.55,5.06
2170,08-11-2026 14:13:28,11.37,65.53,5.16
2171,08-11-2026 14:23:28,11.7,64.92,5.34
2172,08-11-2026 14:33:28,11.95,62.08,4.93
2173,08-11-2026 14:43:28,12.09,63.02,5.28
2174,08-11-2026 14:53:28,12.33,61.54,5.16
2175,08-11-2026 15:03:28,12.3,56.42,3.89
2176,08-11-2026 15:13:28,12.31,57.73,4.23
2177,08-11-2026 15:23:28,12.34,59.6,4.72
2178,08-11-2026 15:33:28,12.44,57.51,4.29
2179,08-11-2026 15:43:28,12.45,56.08,3.95
2180,08-11-2026 15:53:28,12.56,62.61,5.63
2181,08-11-2026 16:03:28,12.7,60.04,5.16
2182,08-11-2026 16:13:28,12.7,59.78,5.1
2183,08-11-2026 16:23:28,12.7,58.58,4.81
2184,08-11-2026 16:33:28,12.77,60.08,5.23
2185,08-11-2026 16:43:28,12.95,59.31,5.22
2186,08-11-2026 16:53:28,13.08,56.43,4.63
2187,08-11-2026 17:03:28,13.19,55.96,4.61
2188,08-11-2026 17:13:28,13.27,55.54,4.58
2189,08-11-2026 17:23:28,13.37,54.43,4.38
2190,08-11-2026 17:33:28,13.48,53.57,4.25
2191,08-11-2026 17:43:28,13.61,53.73,4.42
2192,08-11-2026 17:53:28,13.52,53.97,4.4
2193,08-11-2026 18:03:28,13.34,53.14,4.01
2194,08-11-2026 18:13:28,12.82,58.94,5
2195,08-11-2026 18:23:28,12.57,67.42,6.71
2196,08-11-2026 18:33:28,12.41,65.71,6.19
2197,08-11-2026 18:43:28,12.62,61.54,5.43
2198,08-11-2026 18:53:28,12.74,59.18,4.99
2199,08-11-2026 19:03:28,12.9,58.88,5.07
2200,08-11-2026 19:13:28,13.12,56.94,4.8
2201,08-11-2026 19:23:28,13.28,57.99,5.2
2202,08-11-2026 19:33:28,13.27,56.32,4.78
2203,08-11-2026 19:43:28,13.23,55.81,4.61
2204,08-11-2026 19:53:28,13.11,55.83,4.5
2205,08-11-2026 20:03:28,13.16,56.62,4.75
2206,08-11-2026 20:13:28,13.08,55.5,4.39
2207,08-11-2026 20:23:28,12.76,55.46,4.08
2208,08-11-2026 20:33:28,12.55,56.39,4.12
2209,08-11-2026 20:43:28,11.99,58.55,4.13
2210,08-11-2026 20:53:28,11.64,59.85,4.11
2211,08-11-2026 21:03:28,11.49,61.11,4.27
2212,08-11-2026 21:13:28,11.5,62.6,4.62
2213,08-11-2026 21:23:28,11.47,62.75,4.63
2214,08-11-2026 21:33:28,11.27,62,4.27
2215,08-11-2026 21:43:28,10.97,62.76,4.16
2216,08-11-2026 21:53:28,10.92,62.67,4.09
2217,08-11-2026 22:03:28,10.69,64.4,4.26
2218,08-11-2026 22:13:28,10.64,64.26,4.18
2219,08-11-2026 22:23:28,10.53,64.28,4.08
2220,08-11-2026 22:33:28,10.3,63.63,3.72
2221,08-11-2026 22:43:28,10,64.88,3.71
2222,08-11-2026 22:53:28,9.8,64.86,3.52
2223,08-11-2026 23:03:28,9.59,65.97,3.55
2224,08-11-2026 23:13:28,9.42,66.12,3.42
2225,08-11-2026 23:23:28,9.12,67.08,3.35
2226,08-11-2026 23:33:28,8.97,66.97,3.17
2227,08-11-2026 23:43:28,8.77,68.32,3.27
2228,08-11-2026 23:53:28,8.76,67.98,3.18
2229,08-12-2026 00:03:28,8.59,67.53,2.93
2230,08-12-2026 00:13:28,8.57,68.19,3.05
2231,08-12-2026 00:23:28,8.44,68.43,2.97
2232,08-12-2026 00:33:28,8.3,69.78,3.12
2233,08-12-2026 00:43:28,8.26,70,3.12
2234,08-12-2026 00:53:28,8.22,69.97,3.07
2235,08-12-2026 01:03:28,8.05,70.29,2.98
2236,08-12-2026 01:13:28,7.9,70.57,2.89
2237,08-12-2026 01:23:28,7.79,70.55,2.78
2238,08-12-2026 01:33:28,7.71,71.12,2.82
2239,08-12-2026 01:43:28,7.7,71.05,2.79
2240,08-12-2026 01:53:28,7.57,71.03,2.66
2241,08-12-2026 02:03:28,7.49,71.27,2.64
2242,08-12-2026 02:13:28,7.4,71.59,2.61
2243,08-12-2026 02:23:28,7.18,71.72,2.42
2244,08-12-2026 02:33:28,7.12,72.84,2.58
2245,08-12-2026 02:43:28,7.13,72.6,2.55
2246,08-12-2026 02:53:28,7.04,72.88,2.51
2247,08-12-2026 03:03:28,6.97,73.32,2.54
2248,08-12-2026 03:13:28,6.98,73.06,2.49
2249,08-12-2026 03:23:28,6.93,73.98,2.62
2250,08-12-2026 03:33:28,7.01,73.77,2.66
2251,08-12-2026 03:43:28,7.01,73.66,2.63
2252,08-12-2026 03:53:28,7.05,73.6,2.66
2253,08-12-2026 04:03:28,7.09,73.04,2.6
2254,08-12-2026 04:13:28,7.14,73.94,2.82
2255,08-12-2026 04:23:28,7.14,73.67,2.76
2256,08-12-2026 04:33:28,7.08,73.93,2.76
2257,08-12-2026 04:43:28,7.07,73.67,2.69
2258,08-12-2026 04:53:28,7.02,73.93,2.7
2259,08-12-2026 05:03:28,6.88,73.81,2.54
2260,08-12-2026 05:13:28,6.97,73.14,2.5
2261,08-12-2026 05:23:28,6.79,73.53,2.4
2262,08-12-2026 05:33:28,6.61,74.26,2.37
2263,08-12-2026 05:43:28,6.46,74.83,2.32
2264,08-12-2026 05:53:28,6.37,74.86,2.25
2265,08-12-2026 06:03:28,6.33,75.12,2.25
2266,08-12-2026 06:13:28,6.3,75.46,2.28
2267,08-12-2026 06:23:28,6.34,75.49,2.33
2268,08-12-2026 06:33:28,6.47,75.27,2.42
2269,08-12-2026 06:43:28,6.59,75.27,2.54
2270,08-12-2026 06:53:28,6.71,74.26,2.46
2271,08-12-2026 07:03:28,7.28,73.75,2.91
2272,08-12-2026 07:13:28,7.53,72.36,2.89
2273,08-12-2026 07:23:28,7.31,73.08,2.82
2274,08-12-2026 07:33:28,7.32,73.71,2.95
2275,08-12-2026 07:43:28,7.78,72.52,3.16
2276,08-12-2026 07:53:28,8.3,71.98,3.56
2277,08-12-2026 08:03:28,8.92,69.68,3.69
2278,08-12-2026 08:13:28,9.47,68.23,3.92
2279,08-12-2026 08:23:28,10.21,65.77,4.1
2280,08-12-2026 08:33:28,10.87,64.88,4.53
2281,08-12-2026 08:43:28,11.3,63.74,4.69
2282,08-12-2026 08:53:28,11.75,61.34,4.57
2283,08-12-2026 09:03:28,12.28,58.66,4.43
2284,08-12-2026 09:13:28,12.58,58.11,4.58
2285,08-12-2026 09:23:28,12.3,58.98,4.52
2286,08-12-2026 09:33:28,12.12,59.79,4.55
2287,08-12-2026 09:43:28,11.77,62.98,4.97
2288,08-12-2026 09:53:28,11.68,62.85,4.86
2289,08-12-2026 10:03:28,11.69,62.95,4.89
2290,08-12-2026 10:13:28,11.84,62.86,5
2291,08-12-2026 10:23:28,12.06,61.61,4.93
2292,08-12-2026 10:33:28,12.3,61.9,5.22
2293,08-12-2026 10:43:28,12.55,59.59,4.91
2294,08-12-2026 10:53:28,12.82,58.97,5.01
2295,08-12-2026 11:03:28,13.04,58.89,5.2
2296,08-12-2026 11:13:28,13.28,56.48,4.83
2297,08-12-2026 11:23:28,13.59,56.72,5.17
2298,08-12-2026 11:33:28,13.8,56.39,5.29
2299,08-12-2026 11:43:28,14.08,55.52,5.33
2300,08-12-2026 11:53:28,14.23,54.67,5.25
2301,08-12-2026 12:03:28,14.4,53.9,5.2
2302,08-12-2026 12:13:28,14.51,53.56,5.21
2303,08-12-2026 12:23:28,14.56,53.08,5.13
2304,08-12-2026 12:33:28,14.86,52.53,5.25
2305,08-12-2026 12:43:28,15.12,53,5.63
2306,08-12-2026 12:53:28,15.08,52.58,5.47
2307,08-12-2026 13:03:28,14.94,53.31,5.54
2308,08-12-2026 13:13:28,15.34,52.1,5.58
2309,08-12-2026 13:23:28,15.26,52.03,5.49
2310,08-12-2026 13:33:28,15.37,51.22,5.37
2311,08-12-2026 13:43:28,15.21,51.76,5.37
2312,08-12-2026 13:53:28,15.4,52.39,5.71
2313,08-12-2026 14:03:28,15.62,51.05,5.54
2314,08-12-2026 14:13:28,15.63,51.98,5.82
2315,08-12-2026 14:23:28,15.67,50.34,5.39
2316,08-12-2026 14:33:28,15.7,49.57,5.2
2317,08-12-2026 14:43:28,15.66,52.17,5.89
2318,08-12-2026 14:53:28,15.93,48.65,5.14
2319,08-12-2026 15:03:28,16.32,46.79,4.94
2320,08-12-2026 15:13:28,16.41,46.82,5.03
2321,08-12-2026 15:23:28,16.25,47.89,5.2
2322,08-12-2026 15:33:28,16.35,49.24,5.7
2323,08-12-2026 15:43:28,16.37,47.86,5.3
2324,08-12-2026 15:53:28,16.35,47.23,5.1
2325,08-12-2026 16:03:28,16.47,47.6,5.32
2326,08-12-2026 16:13:28,16.4,48.18,5.43
2327,08-12-2026 16:23:28,16.25,47.66,5.14
2328,08-12-2026 16:33:28,16.37,47.15,5.1
2329,08-12-2026 16:43:28,16.47,48.66,5.64
2330,08-12-2026 16:53:28,16.6,47.94,5.54
2331,08-12-2026 17:03:28,16.51,47.3,5.26
2332,08-12-2026 17:13:28,16.49,48.29,5.55
2333,08-12-2026 17:23:28,16.54,48.14,5.55
2334,08-12-2026 17:33:28,16.5,46.97,5.16
2335,08-12-2026 17:43:28,16.52,47.44,5.32
2336,08-12-2026 17:53:28,16.65,48.24,5.67
2337,08-12-2026 18:03:28,16.63,48.34,5.69
2338,08-12-2026 18:13:28,16.57,47.56,5.4
2339,08-12-2026 18:23:28,16.45,47.1,5.15
2340,08-12-2026 18:33:28,16.31,48.34,5.4
2341,08-12-2026 18:43:28,16.24,49.43,5.65
2342,08-12-2026 18:53:28,16.16,50.5,5.89
2343,08-12-2026 19:03:28,16.14,50.66,5.92
2344,08-12-2026 19:13:28,16.14,50.31,5.81
2345,08-12-2026 19:23:28,16.12,49.97,5.7
2346,08-12-2026 19:33:28,16.06,50.19,5.71
2347,08-12-2026 19:43:28,15.94,50.09,5.56
2348,08-12-2026 19:53:28,15.51,51.75,5.65
2349,08-12-2026 20:03:28,14.85,56.13,6.21
2350,08-12-2026 20:13:28,14.33,67.91,8.49
2351,08-12-2026 20:23:28,14.2,68.88,8.59
2352,08-12-2026 20:33:28,14.26,71.3,9.16
2353,08-12-2026 20:43:28,14.04,67.85,8.21
2354,08-12-2026 20:53:28,13.47,70.91,8.31
2355,08-12-2026 21:03:28,13.14,69.74,7.75
2356,08-12-2026 21:13:28,13.19,70.22,7.9
2357,08-12-2026 21:23:28,13.03,70.35,7.77
2358,08-12-2026 21:33:28,12.92,68.95,7.37
2359,08-12-2026 21:43:28,12.63,66.98,6.67
2360,08-12-2026 21:53:28,12.21,69.72,6.86
2361,08-12-2026 22:03:28,11.87,70.29,6.65
2362,08-12-2026 22:13:28,11.61,69.53,6.24
2363,08-12-2026 22:23:28,11.39,69.72,6.07
2364,08-12-2026 22:33:28,11.12,70.5,5.97
2365,08-12-2026 22:43:28,10.94,70.72,5.84
2366,08-12-2026 22:53:28,10.8,70.65,5.7
2367,08-12-2026 23:03:28,10.63,71.21,5.64
2368,08-12-2026 23:13:28,10.51,71.19,5.53
2369,08-12-2026 23:23:28,10.19,71.51,5.28
2370,08-12-2026 23:33:28,10.09,72.24,5.33
2371,08-12-2026 23:43:28,10.01,71.83,5.17
2372,08-12-2026 23:53:28,9.82,72.41,5.1
2373,08-13-2026 00:03:28,9.75,72.74,5.1
2374,08-13-2026 00:13:28,9.64,71.78,4.8
2375,08-13-2026 00:23:28,9.42,72.7,4.78
2376,08-13-2026 00:33:28,9.34,73.18,4.79
2377,08-13-2026 00:43:28,9.26,73.26,4.73
2378,08-13-2026 00:53:28,9.23,73.52,4.76
2379,08-13-2026 01:03:28,9.07,73.29,4.55
2380,08-13-2026 01:13:28,8.9,74.09,4.55
2381,08-13-2026 01:23:28,8.8,74.26,4.48
2382,08-13-2026 01:33:28,8.76,74.18,4.42
2383,08-13-2026 01:43:28,8.67,74.36,4.38
2384,08-13-2026 01:53:28,8.61,74.8,4.4
2385,08-13-2026 02:03:28,8.55,74.66,4.32
2386,08-13-2026 02:13:28,8.52,74.83,4.32
2387,08-13-2026 02:23:28,8.38,74.73,4.17
2388,08-13-2026 02:33:28,8.25,75.29,4.14
2389,08-13-2026 02:43:28,8.16,75.21,4.05
2390,08-13-2026 02:53:28,8.08,75.7,4.06
2391,08-13-2026 03:03:28,8.07,75.74,4.05
2392,08-13-2026 03:13:28,7.99,75.4,3.91
2393,08-13-2026 03:23:28,7.97,75.79,3.97
2394,08-13-2026 03:33:28,7.96,75.75,3.95
2395,08-13-2026 03:43:28,8.1,75.25,3.99
2396,08-13-2026 03:53:28,7.99,74.38,3.72
2397,08-13-2026 04:03:28,7.76,75.89,3.78
2398,08-13-2026 04:13:28,7.71,76.32,3.81
2399,08-13-2026 04:23:28,7.63,76.06,3.69
2400,08-13-2026 04:33:28,7.52,76.54,3.67
2401,08-13-2026 04:43:28,7.52,76.8,3.72
2402,08-13-2026 04:53:28,7.52,75.62,3.5
2403,08-13-2026 05:03:28,7.36,76.9,3.58
2404,08-13-2026 05:13:28,7.3,76.58,3.47
2405,08-13-2026 05:23:28,7.25,77.1,3.51
2406,08-13-2026 05:33:28,7.25,77.04,3.5
2407,08-13-2026 05:43:28,7.23,77.49,3.56
2408,08-13-2026 05:53:28,7.17,77.47,3.5
2409,08-13-2026 06:03:28,7.15,77.38,3.47
2410,08-13-2026 06:13:28,7.16,77.43,3.49
2411,08-13-2026 06:23:28,7.21,77.72,3.59
2412,08-13-2026 06:33:28,7.52,77.7,3.88
2413,08-13-2026 06:43:28,8.05,76.91,4.26
2414,08-13-2026 06:53:28,8.01,76.23,4.09
2415,08-13-2026 07:03:28,8.57,76.63,4.71
2416,08-13-2026 07:13:28,9.19,73.62,4.73
2417,08-13-2026 07:23:28,9.77,72,4.97
2418,08-13-2026 07:33:28,10.21,71.35,5.27
2419,08-13-2026 07:43:28,10.65,69.42,5.29
2420,08-13-2026 07:53:28,10.97,69.06,5.53
2421,08-13-2026 08:03:28,11.37,68.48,5.79
2422,08-13-2026 08:13:28,11.8,67.21,5.93
2423,08-13-2026 08:23:28,12.33,65.68,6.11
2424,08-13-2026 08:33:28,12.73,64.71,6.27
2425,08-13-2026 08:43:28,13.07,64.15,6.46
2426,08-13-2026 08:53:28,13.45,61.58,6.23
2427,08-13-2026 09:03:28,13.82,61.57,6.58
2428,08-13-2026 09:13:28,14.15,58.54,6.15
2429,08-13-2026 09:23:28,13.88,59.49,6.14
2430,08-13-2026 09:33:28,13.68,62.16,6.58
2431,08-13-2026 09:43:28,13.17,63.24,6.35
2432,08-13-2026 09:53:28,12.86,64.59,6.36
2433,08-13-2026 10:03:28,12.67,66.4,6.59
2434,08-13-2026 10:13:28,13.01,64.84,6.57
2435,08-13-2026 10:23:28,13,64.69,6.52
2436,08-13-2026 10:33:28,13.42,64.65,6.91
2437,08-13-2026 10:43:28,13.63,63.23,6.79
2438,08-13-2026 10:53:28,13.6,62.38,6.56
2439,08-13-2026 11:03:28,13.53,61.45,6.27
2440,08-13-2026 11:13:28,13.55,61.42,6.29
2441,08-13-2026 11:23:28,13.66,60.36,6.13
2442,08-13-2026 11:33:28,13.8,60.63,6.33
2443,08-13-2026 11:43:28,13.86,60.11,6.27
2444,08-13-2026 11:53:28,14.05,59.43,6.28
2445,08-13-2026 12:03:28,14.16,59.06,6.3
2446,08-13-2026 12:13:28,14.33,58.61,6.34
2447,08-13-2026 12:23:28,14.37,59.66,6.64
2448,08-13-2026 12:33:28,14.51,58.76,6.54
2449,08-13-2026 12:43:28,14.61,56.73,6.13
2450,08-13-2026 12:53:28,14.64,56.18,6.02
2451,08-13-2026 13:03:28,14.66,55.81,5.95
2452,08-13-2026 13:13:28,14.76,55.16,5.87
2453,08-13-2026 13:23:28,14.8,55.18,5.91
2454,08-13-2026 13:33:28,14.86,56.44,6.3
2455,08-13-2026 13:43:28,14.93,55.32,6.07
2456,08-13-2026 13:53:28,15.22,53.28,5.8
2457,08-13-2026 14:03:28,15.52,51.45,5.57
2458,08-13-2026 14:13:28,15.66,51.53,5.72
2459,08-13-2026 14:23:28,15.9,51.26,5.86
2460,08-13-2026 14:33:28,15.99,50.71,5.79
2461,08-13-2026 14:43:28,16.15,50.83,5.98
2462,08-13-2026 14:53:28,16.09,50.36,5.79
2463,08-13-2026 15:03:28,16.15,52.09,6.33
2464,08-13-2026 15:13:28,16.12,51.52,6.14
2465,08-13-2026 15:23:28,16.04,52.37,6.31
2466,08-13-2026 15:33:28,15.99,52.68,6.34
2467,08-13-2026 15:43:28,16.18,51.39,6.16
2468,08-13-2026 15:53:28,16.34,51.17,6.25
2469,08-13-2026 16:03:28,16.51,50.79,6.3
2470,08-13-2026 16:13:28,16.93,48.22,5.93
2471,08-13-2026 16:23:28,17.3,47.62,6.09
2472,08-13-2026 16:33:28,17.52,45.16,5.52
2473,08-13-2026 16:43:28,17.73,46.94,6.27
2474,08-13-2026 16:53:28,17.84,45.25,5.84
2475,08-13-2026 17:03:28,17.62,46.67,6.09
2476,08-13-2026 17:13:28,17.32,47.86,6.18
2477,08-13-2026 17:23:28,17.33,47.85,6.19
2478,08-13-2026 17:33:28,17.24,47.74,6.07
2479,08-13-2026 17:43:28,16.98,49.22,6.27
2480,08-13-2026 17:53:28,16.84,49.13,6.11
2481,08-13-2026 18:03:28,16.93,49.29,6.25
2482,08-13-2026 18:13:28,17.04,48.6,6.14
2483,08-13-2026 18:23:28,17.13,47.73,5.96
2484,08-13-2026 18:33:28,16.96,48.69,6.09
2485,08-13-2026 18:43:28,16.84,48.8,6.02
2486,08-13-2026 18:53:28,16.85,49.17,6.14
2487,08-13-2026 19:03:28,16.88,48.43,5.95
2488,08-13-2026 19:13:28,16.84,49.3,6.17
2489,08-13-2026 19:23:28,16.84,49.04,6.09
2490,08-13-2026 19:33:28,16.73,48.98,5.97
2491,08-13-2026 19:43:28,16.8,48.61,5.92
2492,08-13-2026 19:53:28,16.83,48.17,5.82
2493,08-13-2026 20:03:28,16.87,48.3,5.89
2494,08-13-2026 20:13:28,16.75,48.3,5.79
2495,08-13-2026 20:23:28,16.57,49.05,5.84
2496,08-13-2026 20:33:28,16.16,50.38,5.86
2497,08-13-2026 20:43:28,15.66,51.63,5.74
2498,08-13-2026 20:53:28,15.51,52.77,5.93
2499,08-13-2026 21:03:28,15.55,52.57,5.91
2500,08-13-2026 21:13:28,15.5,52.95,5.96
2501,08-13-2026 21:23:28,15.3,52.01,5.52
2502,08-13-2026 21:33:28,15.05,52.97,5.55
2503,08-13-2026 21:43:28,14.83,53,5.35
2504,08-13-2026 21:53:28,14.55,54.53,5.51
2505,08-13-2026 22:03:28,14.4,55.25,5.55
2506,08-13-2026 22:13:28,14.23,55.42,5.44
2507,08-13-2026 22:23:28,14.01,56.56,5.53
2508,08-13-2026 22:33:28,13.62,57.97,5.51
2509,08-13-2026 22:43:28,13.4,58.08,5.34
2510,08-13-2026 22:53:28,13.26,58.64,5.35
2511,08-13-2026 23:03:28,13.1,59.02,5.29
2512,08-13-2026 23:13:28,13.21,58.9,5.36
2513,08-13-2026 23:23:28,13.09,59.23,5.33
2514,08-13-2026 23:33:28,12.9,59.44,5.21
2515,08-13-2026 23:43:28,12.73,59.47,5.05
2516,08-13-2026 23:53:28,12.56,59.68,4.94
2517,08-14-2026 00:03:28,12.38,59.7,4.78
2518,08-14-2026 00:13:28,12.1,60.22,4.63
2519,08-14-2026 00:23:28,11.97,60.7,4.62
2520,08-14-2026 00:33:28,11.84,60.82,4.53
2521,08-14-2026 00:43:28,11.72,61.3,4.53
2522,08-14-2026 00:53:28,11.67,61.33,4.49
2523,08-14-2026 01:03:28,11.55,61.78,4.48
2524,08-14-2026 01:13:28,11.42,62.16,4.45
2525,08-14-2026 01:23:28,11.26,62.81,4.44
2526,08-14-2026 01:33:28,11.04,63.44,4.38
2527,08-14-2026 01:43:28,10.98,63.76,4.39
2528,08-14-2026 01:53:28,10.91,63.75,4.33
2529,08-14-2026 02:03:28,10.79,64.44,4.37
2530,08-14-2026 02:13:28,10.72,64.56,4.32
2531,08-14-2026 02:23:28,10.73,64.77,4.38
2532,08-14-2026 02:33:28,10.66,64.99,4.36
2533,08-14-2026 02:43:28,10.63,65.22,4.38
2534,08-14-2026 02:53:28,10.57,65.62,4.41
2535,08-14-2026 03:03:28,10.52,65.86,4.42
2536,08-14-2026 03:13:28,10.48,65.8,4.36
2537,08-14-2026 03:23:28,10.41,66.36,4.42
2538,08-14-2026 03:33:28,10.45,66.04,4.39
2539,08-14-2026 03:43:28,10.41,66.33,4.41
2540,08-14-2026 03:53:28,10.37,66.6,4.44
2541,08-14-2026 04:03:28,10.37,66.82,4.48
2542,08-14-2026 04:13:28,10.41,66.9,4.54
2543,08-14-2026 04:23:28,10.41,67.3,4.62
2544,08-14-2026 04:33:28,10.44,67.51,4.69
2545,08-14-2026 04:43:28,10.45,67.4,4.68
2546,08-14-2026 04:53:28,10.46,67.62,4.74
2547,08-14-2026 05:03:28,10.46,67.91,4.8
2548,08-14-2026 05:13:28,10.47,67.63,4.75
2549,08-14-2026 05:23:28,10.53,67.87,4.86
2550,08-14-2026 05:33:28,10.71,67.27,4.9
2551,08-14-2026 05:43:28,10.66,67.85,4.97
2552,08-14-2026 05:53:28,10.66,67.72,4.95
2553,08-14-2026 06:03:28,10.73,66.78,4.81
2554,08-14-2026 06:13:28,10.65,67.97,4.99
2555,08-14-2026 06:23:28,10.68,68.41,5.11
2556,08-14-2026 06:33:28,10.79,68.08,5.15
2557,08-14-2026 06:43:28,10.87,68.41,5.29
2558,08-14-2026 06:53:28,11.01,68.07,5.36
2559,08-14-2026 07:03:28,11.17,67.77,5.45
2560,08-14-2026 07:13:28,11.23,68.62,5.69
2561,08-14-2026 07:23:28,11.68,70.51,6.51
2562,08-14-2026 07:33:28,11.47,70.73,6.35
2563,08-14-2026 07:43:28,11.66,71.01,6.59
2564,08-14-2026 07:53:28,11.68,70.73,6.56
2565,08-14-2026 08:03:28,12.09,69.75,6.75
2566,08-14-2026 08:13:28,12.11,68.19,6.43
2567,08-14-2026 08:23:28,12.15,68.1,6.46
2568,08-14-2026 08:33:28,12.11,71.68,7.16
2569,08-14-2026 08:43:28,12.15,71.01,7.07
2570,08-14-2026 08:53:28,12.19,71.29,7.16
2571,08-14-2026 09:03:28,12.2,71.15,7.14
2572,08-14-2026 09:13:28,12.42,68.95,6.89
2573,08-14-2026 09:23:28,12.21,68.41,6.58
2574,08-14-2026 09:33:28,12.05,68.47,6.44
2575,08-14-2026 09:43:28,12.03,68.56,6.44
2576,08-14-2026 09:53:28,12.09,68.2,6.42
2577,08-14-2026 10:03:28,12.26,67.18,6.37
2578,08-14-2026 10:13:28,12.3,69.42,6.88
2579,08-14-2026 10:23:28,12.31,68.69,6.73
2580,08-14-2026 10:33:28,12.41,70.22,7.15
2581,08-14-2026 10:43:28,12.46,71.07,7.37
2582,08-14-2026 10:53:28,12.54,70.83,7.4
2583,08-14-2026 11:03:28,12.48,72.21,7.63
2584,08-14-2026 11:13:28,12.57,74.66,8.2
2585,08-14-2026 11:23:28,12.82,73.66,8.25
2586,08-14-2026 11:33:28,13.02,72.52,8.21
2587,08-14-2026 11:43:28,13.24,71.03,8.11
2588,08-14-2026 11:53:28,13.41,71.42,8.36
2589,08-14-2026 12:03:28,13.67,70.23,8.36
2590,08-14-2026 12:13:28,13.92,69.49,8.45
2591,08-14-2026 12:23:28,14.21,65.07,7.76
2592,08-14-2026 12:33:28,14.45,69.53,8.96
2593,08-14-2026 12:43:28,14.7,66.87,8.62
2594,08-14-2026 12:53:28,14.69,67.95,8.85
2595,08-14-2026 13:03:28,14.79,68.47,9.06
2596,08-14-2026 13:13:28,15.02,68.24,9.22
2597,08-14-2026 13:23:28,15.11,66.86,9.01
2598,08-14-2026 13:33:28,15.08,67.65,9.16
2599,08-14-2026 13:43:28,15.08,70.6,9.79
2600,08-14-2026 13:53:28,15.28,68.39,9.51
2601,08-14-2026 14:03:28,15.38,70.53,10.07
2602,08-14-2026 14:13:28,15.4,68.62,9.67
2603,08-14-2026 14:23:28,15.44,67.58,9.49
2604,08-14-2026 14:33:28,15.78,66.74,9.62
2605,08-14-2026 14:43:28,15.79,65.22,9.29
2606,08-14-2026 14:53:28,15.33,67.02,9.26
2607,08-14-2026 15:03:28,15.06,69.01,9.44
2608,08-14-2026 15:13:28,14.88,70.74,9.63
2609,08-14-2026 15:23:28,14.84,75.41,10.55
2610,08-14-2026 15:33:28,14.93,75.05,10.56
2611,08-14-2026 15:43:28,14.91,75.23,10.58
2612,08-14-2026 15:53:28,14.96,74.39,10.46
2613,08-14-2026 16:03:28,14.97,75.3,10.66
2614,08-14-2026 16:13:28,14.8,74.84,10.4
2615,08-14-2026 16:23:28,14.8,74.62,10.35
2616,08-14-2026 16:33:28,14.93,73.74,10.3
2617,08-14-2026 16:43:28,15.08,70.9,9.85
2618,08-14-2026 16:53:28,15.02,71.25,9.87
2619,08-14-2026 17:03:28,14.97,72.22,10.02
2620,08-14-2026 17:13:28,14.86,73.21,10.12
2621,08-14-2026 17:23:28,14.67,72.03,9.7
2622,08-14-2026 17:33:28,14.56,76.62,10.52
2623,08-14-2026 17:43:28,14.46,76.99,10.49
2624,08-14-2026 17:53:28,14.58,78.94,10.98
2625,08-14-2026 18:03:28,14.76,79.15,11.2
2626,08-14-2026 18:13:28,15.01,77.91,11.2
2627,08-14-2026 18:23:28,14.94,76.71,10.9
2628,08-14-2026 18:33:28,14.95,73.9,10.35
2629,08-14-2026 18:43:28,15.08,73.04,10.3
2630,08-14-2026 18:53:28,15.08,74.03,10.5
2631,08-14-2026 19:03:28,14.93,73.31,10.21
2632,08-14-2026 19:13:28,14.76,72.25,9.83
2633,08-14-2026 19:23:28,14.69,73.64,10.04
2634,08-14-2026 19:33:28,14.67,75.68,10.44
2635,08-14-2026 19:43:28,14.44,75.9,10.25
2636,08-14-2026 19:53:28,14.15,77.17,10.23
2637,08-14-2026 20:03:28,13.84,79.76,10.41
2638,08-14-2026 20:13:28,13.64,80.2,10.3
2639,08-14-2026 20:23:28,13.48,80.9,10.28
2640,08-14-2026 20:33:28,13.3,81.51,10.22
2641,08-14-2026 20:43:28,13.1,82.34,10.17
2642,08-14-2026 20:53:28,13.01,82.89,10.19
2643,08-14-2026 21:03:28,12.97,83.86,10.32
2644,08-14-2026 21:13:28,12.93,84.24,10.35
2645,08-14-2026 21:23:28,12.86,84.06,10.25
2646,08-14-2026 21:33:28,12.74,84.2,10.16
2647,08-14-2026 21:43:28,12.64,85.93,10.36
2648,08-14-2026 21:53:28,12.51,83.56,9.82
2649,08-14-2026 22:03:28,12.37,85.39,10
2650,08-14-2026 22:13:28,12.25,84.75,9.77
2651,08-14-2026 22:23:28,12.16,85.4,9.8
2652,08-14-2026 22:33:28,12.09,85.84,9.81
2653,08-14-2026 22:43:28,12.03,85.61,9.71
2654,08-14-2026 22:53:28,11.91,86.09,9.67
2655,08-14-2026 23:03:28,11.87,86.35,9.68
2656,08-14-2026 23:13:28,11.78,86.51,9.61
2657,08-14-2026 23:23:28,11.71,86.9,9.61
2658,08-14-2026 23:33:28,11.67,86.88,9.57
2659,08-14-2026 23:43:28,11.59,87.71,9.64
2660,08-14-2026 23:53:28,11.5,87.19,9.46
2661,08-15-2026 00:03:28,11.48,87.72,9.53
2662,08-15-2026 00:13:28,11.43,87.22,9.39
2663,08-15-2026 00:23:28,11.37,87.64,9.4
2664,08-15-2026 00:33:28,11.33,88.23,9.47
2665,08-15-2026 00:43:28,11.26,87.83,9.33
2666,08-15-2026 00:53:28,11.26,88.63,9.47
2667,08-15-2026 01:03:28,11.23,88.82,9.47
2668,08-15-2026 01:13:28,11.23,88.49,9.41
2669,08-15-2026 01:23:28,11.19,88.28,9.34
2670,08-15-2026 01:33:28,11.21,88.35,9.37
2671,08-15-2026 01:43:28,11.15,87.3,9.13
2672,08-15-2026 01:53:28,11.15,87.93,9.23
2673,08-15-2026 02:03:28,11.1,87.39,9.1
2674,08-15-2026 02:13:28,10.97,87.32,8.95
2675,08-15-2026 02:23:28,10.92,87.88,9
2676,08-15-2026 02:33:28,10.82,88.19,8.95
2677,08-15-2026 02:43:28,10.8,88.23,8.95
2678,08-15-2026 02:53:28,10.8,87.87,8.89
2679,08-15-2026 03:03:28,10.74,88.44,8.92
2680,08-15-2026 03:13:28,10.63,88.11,8.76
2681,08-15-2026 03:23:28,10.48,88.26,8.63
2682,08-15-2026 03:33:28,10.4,88.31,8.56
2683,08-15-2026 03:43:28,10.31,88.27,8.47
2684,08-15-2026 03:53:28,10.33,88.22,8.47
2685,08-15-2026 04:03:28,10.21,88.15,8.35
2686,08-15-2026 04:13:28,10.12,88.46,8.31
2687,08-15-2026 04:23:28,10.03,88.79,8.28
2688,08-15-2026 04:33:28,9.98,89.32,8.32
2689,08-15-2026 04:43:28,9.94,89.1,8.23
2690,08-15-2026 04:53:28,9.93,89.49,8.29
2691,08-15-2026 05:03:28,9.91,89.61,8.29
2692,08-15-2026 05:13:28,9.9,89.78,8.31
2693,08-15-2026 05:23:28,9.89,89.79,8.3
2694,08-15-2026 05:33:28,9.9,89.79,8.31
2695,08-15-2026 05:43:28,9.85,89.22,8.17
2696,08-15-2026 05:53:28,9.64,89.4,7.99
2697,08-15-2026 06:03:28,9.62,89.57,8
2698,08-15-2026 06:13:28,9.51,88.97,7.79
2699,08-15-2026 06:23:28,9.46,89.58,7.84
2700,08-15-2026 06:33:28,9.51,89.38,7.86
2701,08-15-2026 06:43:28,9.54,88.74,7.78
2702,08-15-2026 06:53:28,9.6,87.93,7.71
2703,08-15-2026 07:03:28,9.55,89.18,7.87
2704,08-15-2026 07:13:28,9.56,88.93,7.84
2705,08-15-2026 07:23:28,9.52,89.51,7.89
2706,08-15-2026 07:33:28,9.58,90,8.03
2707,08-15-2026 07:43:28,9.55,90.29,8.05
2708,08-15-2026 07:53:28,9.59,89.87,8.02
2709,08-15-2026 08:03:28,9.61,89.52,7.99
2710,08-15-2026 08:13:28,9.78,89.14,8.09
2711,08-15-2026 08:23:28,9.88,88.93,8.15
2712,08-15-2026 08:33:28,9.94,89.31,8.28
2713,08-15-2026 08:43:28,9.97,89.93,8.41
2714,08-15-2026 08:53:28,10.04,90.09,8.5
2715,08-15-2026 09:03:28,10.12,89.67,8.52
2716,08-15-2026 09:13:28,10.23,90.55,8.77
2717,08-15-2026 09:23:28,10.3,90.23,8.79
2718,08-15-2026 09:33:28,10.38,90.17,8.85
2719,08-15-2026 09:43:28,10.47,90.2,8.94
2720,08-15-2026 09:53:28,10.53,90.31,9.02
2721,08-15-2026 10:03:28,10.57,90.34,9.07
2722,08-15-2026 10:13:28,10.59,90.64,9.14
2723,08-15-2026 10:23:28,10.62,90.6,9.15
2724,08-15-2026 10:33:28,10.69,90.72,9.25
2725,08-15-2026 10:43:28,10.85,90.75,9.41
2726,08-15-2026 10:53:28,10.99,90.71,9.54
2727,08-15-2026 11:03:28,11.11,90.49,9.62
2728,08-15-2026 11:13:28,11.19,89.87,9.6
2729,08-15-2026 11:23:28,11.35,89.47,9.69
2730,08-15-2026 11:33:28,11.57,88.48,9.74
2731,08-15-2026 11:43:28,11.74,89.04,10.01
2732,08-15-2026 11:53:28,11.89,88.84,10.12
2733,08-15-2026 12:03:28,12.07,88.61,10.26
2734,08-15-2026 12:13:28,12.33,87.56,10.33
2735,08-15-2026 12:23:28,12.64,86.87,10.52
2736,08-15-2026 12:33:28,12.84,88.31,10.96
2737,08-15-2026 12:43:28,12.95,87.74,10.98
2738,08-15-2026 12:53:28,12.98,87.29,10.93
2739,08-15-2026 13:03:28,13.04,86.86,10.92
2740,08-15-2026 13:13:28,13.12,86.87,11
2741,08-15-2026 13:23:28,13.33,87.03,11.24
2742,08-15-2026 13:33:28,13.5,85.09,11.06
2743,08-15-2026 13:43:28,13.67,85.9,11.37
2744,08-15-2026 13:53:28,13.82,84.52,11.27
2745,08-15-2026 14:03:28,14.02,83.21,11.23
2746,08-15-2026 14:13:28,14.18,84.21,11.57
2747,08-15-2026 14:23:28,14.17,82.35,11.22
2748,08-15-2026 14:33:28,14.05,83.31,11.28
2749,08-15-2026 14:43:28,14.26,83.97,11.61
2750,08-15-2026 14:53:28,14.47,80.08,11.09
2751,08-15-2026 15:03:28,14.5,81.34,11.35
2752,08-15-2026 15:13:28,14.5,80.8,11.25
2753,08-15-2026 15:23:28,14.52,79.12,10.96
2754,08-15-2026 15:33:28,14.4,80.19,11.04
2755,08-15-2026 15:43:28,14.59,80.7,11.33
2756,08-15-2026 15:53:28,14.9,76.88,10.89
2757,08-15-2026 16:03:28,14.93,77.72,11.09
2758,08-15-2026 16:13:28,14.84,80.43,11.51
2759,08-15-2026 16:23:28,14.72,79.63,11.25
2760,08-15-2026 16:33:28,14.89,79.33,11.36
2761,08-15-2026 16:43:28,15,79.56,11.51
2762,08-15-2026 16:53:28,15.06,78.37,11.34
2763,08-15-2026 17:03:28,15.02,72.25,10.08
2764,08-15-2026 17:13:28,15.11,76.19,10.96
2765,08-15-2026 17:23:28,15.21,75.04,10.83
2766,08-15-2026 17:33:28,15.17,76.93,11.17
2767,08-15-2026 17:43:28,15.08,76.91,11.07
2768,08-15-2026 17:53:28,14.96,77.69,11.11
2769,08-15-2026 18:03:28,14.87,77.11,10.91
2770,08-15-2026 18:13:28,15.08,75.48,10.79
2771,08-15-2026 18:23:28,15.22,74.14,10.66
2772,08-15-2026 18:33:28,15.34,74.21,10.79
2773,08-15-2026 18:43:28,15.33,72.93,10.52
2774,08-15-2026 18:53:28,15.26,72.64,10.4
2775,08-15-2026 19:03:28,15.38,72.83,10.55
2776,08-15-2026 19:13:28,15.27,72.71,10.42
2777,08-15-2026 19:23:28,15.13,73.64,10.47
2778,08-15-2026 19:33:28,15.1,74.48,10.61
2779,08-15-2026 19:43:28,15.25,73.42,10.54
2780,08-15-2026 19:53:28,15.2,72.53,10.31
2781,08-15-2026 20:03:28,15.11,70.85,9.87
2782,08-15-2026 20:13:28,14.97,73.48,10.29
2783,08-15-2026 20:23:28,14.8,72.92,10.01
2784,08-15-2026 20:33:28,14.61,75.51,10.34
2785,08-15-2026 20:43:28,14.44,76.32,10.34
2786,08-15-2026 20:53:28,14.34,77.34,10.45
2787,08-15-2026 21:03:28,14.25,76.32,10.15
2788,08-15-2026 21:13:28,14.12,77.69,10.3
2789,08-15-2026 21:23:28,13.99,77.39,10.11
2790,08-15-2026 21:33:28,13.76,77.98,10
2791,08-15-2026 21:43:28,13.49,78.2,9.78
2792,08-15-2026 21:53:28,13.17,76.98,9.24
2793,08-15-2026 22:03:28,12.91,78.21,9.22
2794,08-15-2026 22:13:28,12.67,77.73,8.9
2795,08-15-2026 22:23:28,12.31,77.93,8.59
2796,08-15-2026 22:33:28,12.07,78.32,8.42
2797,08-15-2026 22:43:28,11.91,79.23,8.44
2798,08-15-2026 22:53:28,11.71,77.46,7.91
2799,08-15-2026 23:03:28,11.47,78.76,7.92
2800,08-15-2026 23:13:28,11.37,79.6,7.99
2801,08-15-2026 23:23:28,11.21,81.03,8.09
2802,08-15-2026 23:33:28,11.16,81.57,8.14
2803,08-15-2026 23:43:28,11.05,80.93,7.92
2804,08-15-2026 23:53:28,11.02,81.25,7.95
2805,08-16-2026 00:03:28,10.88,80.8,7.72
2806,08-16-2026 00:13:28,10.85,81.89,7.89
2807,08-16-2026 00:23:28,10.84,81.74,7.86
2808,08-16-2026 00:33:28,10.81,81.77,7.83
2809,08-16-2026 00:43:28,10.76,81.71,7.77
2810,08-16-2026 00:53:28,10.74,81.29,7.68
2811,08-16-2026 01:03:28,10.62,81.72,7.64
2812,08-16-2026 01:13:28,10.54,81.51,7.52
2813,08-16-2026 01:23:28,10.45,81.31,7.4
2814,08-16-2026 01:33:28,10.39,81.56,7.38
2815,08-16-2026 01:43:28,10.36,80.93,7.24
2816,08-16-2026 01:53:28,10.22,80.76,7.07
2817,08-16-2026 02:03:28,10.01,81.52,7
2818,08-16-2026 02:13:28,9.95,81.53,6.95
2819,08-16-2026 02:23:28,9.75,81.83,6.8
2820,08-16-2026 02:33:28,9.66,80.89,6.55
2821,08-16-2026 02:43:28,9.58,83.17,6.87
2822,08-16-2026 02:53:28,9.57,82.5,6.75
2823,08-16-2026 03:03:28,9.57,82.22,6.7
2824,08-16-2026 03:13:28,9.51,81.83,6.57
2825,08-16-2026 03:23:28,9.38,82.1,6.49
2826,08-16-2026 03:33:28,9.25,82.92,6.51
2827,08-16-2026 03:43:28,9.19,82.62,6.4
2828,08-16-2026 03:53:28,9.15,82.92,6.41
2829,08-16-2026 04:03:28,9.11,82.76,6.34
2830,08-16-2026 04:13:28,9.1,82.19,6.23
2831,08-16-2026 04:23:28,9.08,82.65,6.29
2832,08-16-2026 04:33:28,9.11,82.62,6.32
2833,08-16-2026 04:43:28,9.19,83.03,6.47
2834,08-16-2026 04:53:28,9.23,83.33,6.56
2835,08-16-2026 05:03:28,9.2,83.5,6.56
2836,08-16-2026 05:13:28,9.07,84.48,6.6
2837,08-16-2026 05:23:28,9.14,84.93,6.75
2838,08-16-2026 05:33:28,9.12,83.79,6.54
2839,08-16-2026 05:43:28,9.03,83.81,6.45
2840,08-16-2026 05:53:28,9.03,84.27,6.53
2841,08-16-2026 06:03:28,9.08,84.21,6.56
2842,08-16-2026 06:13:28,9.16,83.9,6.59
2843,08-16-2026 06:23:28,9.24,84.1,6.7
2844,08-16-2026 06:33:28,9.21,83.62,6.59
2845,08-16-2026 06:43:28,9.17,85.02,6.79
2846,08-16-2026 06:53:28,9.14,84.66,6.7
2847,08-16-2026 07:03:28,9.2,84.44,6.73
2848,08-16-2026 07:13:28,9.91,84.1,7.36
2849,08-16-2026 07:23:28,10.67,82.47,7.82
2850,08-16-2026 07:33:28,11.21,80.68,8.02
2851,08-16-2026 07:43:28,11.59,80.14,8.29
2852,08-16-2026 07:53:28,11.59,79.5,8.17
2853,08-16-2026 08:03:28,12.1,78.99,8.58
2854,08-16-2026 08:13:28,12.31,78.43,8.68
2855,08-16-2026 08:23:28,12.86,76.63,8.87
2856,08-16-2026 08:33:28,13.23,74.1,8.73
2857,08-16-2026 08:43:28,13.48,73.8,8.92
2858,08-16-2026 08:53:28,13.88,71.66,8.86
2859,08-16-2026 09:03:28,14.23,72.13,9.3
2860,08-16-2026 09:13:28,14.37,72.23,9.45
2861,08-16-2026 09:23:28,13.99,73.19,9.28
2862,08-16-2026 09:33:28,13.68,75.85,9.51
2863,08-16-2026 09:43:28,13.62,76.46,9.57
2864,08-16-2026 09:53:28,13.62,76.68,9.62
2865,08-16-2026 10:03:28,13.66,77.45,9.8
2866,08-16-2026 10:13:28,13.69,76.7,9.69
2867,08-16-2026 10:23:28,13.81,76.85,9.84
2868,08-16-2026 10:33:28,14.04,77.19,10.13
2869,08-16-2026 10:43:28,14.18,76.6,10.14
2870,08-16-2026 10:53:28,14.3,76.47,10.24
2871,08-16-2026 11:03:28,14.49,75.75,10.28
2872,08-16-2026 11:13:28,14.65,75.53,10.39
2873,08-16-2026 11:23:28,14.88,71.49,9.79
2874,08-16-2026 11:33:28,15.11,71.39,9.99
2875,08-16-2026 11:43:28,15.1,70.19,9.73
2876,08-16-2026 11:53:28,15.12,69.33,9.56
2877,08-16-2026 12:03:28,15.17,69.76,9.7
2878,08-16-2026 12:13:28,15.25,68.99,9.61
2879,08-16-2026 12:23:28,15.19,67.62,9.26
2880,08-16-2026 12:33:28,15.3,69.1,9.69
2881,08-16-2026 12:43:28,15.48,67.93,9.61
2882,08-16-2026 12:53:28,15.6,68.18,9.77
2883,08-16-2026 13:03:28,15.68,68.39,9.89
2884,08-16-2026 13:13:28,15.86,68.33,10.05
2885,08-16-2026 13:23:28,15.94,67.5,9.94
2886,08-16-2026 13:33:28,16.05,65.84,9.68
2887,08-16-2026 13:43:28,16.02,66.13,9.71
2888,08-16-2026 13:53:28,15.96,65.41,9.5
2889,08-16-2026 14:03:28,16.11,65.65,9.69
2890,08-16-2026 14:13:28,15.96,65.22,9.45
2891,08-16-2026 14:23:28,16.28,65.55,9.83
2892,08-16-2026 14:33:28,16.4,64.47,9.7
2893,08-16-2026 14:43:28,16.44,63.64,9.54
2894,08-16-2026 14:53:28,16.48,63.2,9.47
2895,08-16-2026 15:03:28,16.51,63.56,9.59
2896,08-16-2026 15:13:28,16.62,63.23,9.62
2897,08-16-2026 15:23:28,16.64,63.2,9.63
2898,08-16-2026 15:33:28,16.74,62.45,9.55
2899,08-16-2026 15:43:28,16.8,62.52,9.62
2900,08-16-2026 15:53:28,16.8,61.58,9.39
2901,08-16-2026 16:03:28,16.84,61.84,9.5
2902,08-16-2026 16:13:28,16.91,60.42,9.22
2903,08-16-2026 16:23:28,17.02,61.99,9.7
2904,08-16-2026 16:33:28,17.21,60.95,9.63
2905,08-16-2026 16:43:28,17.23,59.61,9.32
2906,08-16-2026 16:53:28,17.23,60.03,9.42
2907,08-16-2026 17:03:28,17.18,60.5,9.49
2908,08-16-2026 17:13:28,17.08,58.15,8.81
2909,08-16-2026 17:23:28,17.22,58.78,9.1
2910,08-16-2026 17:33:28,17.29,58.91,9.2
2911,08-16-2026 17:43:28,17.26,60.24,9.5
2912,08-16-2026 17:53:28,17.29,58.83,9.18
2913,08-16-2026 18:03:28,17.42,59.13,9.37
2914,08-16-2026 18:13:28,17.41,57.14,8.86
2915,08-16-2026 18:23:28,17.37,60.56,9.68
2916,08-16-2026 18:33:28,17.36,59.96,9.52
2917,08-16-2026 18:43:28,17.29,59.56,9.36
2918,08-16-2026 18:53:28,17.29,60.95,9.7
2919,08-16-2026 19:03:28,17.04,58.81,8.94
2920,08-16-2026 19:13:28,16.8,58.81,8.71
2921,08-16-2026 19:23:28,16.58,64.04,9.76
2922,08-16-2026 19:33:28,16.15,67.27,10.1
2923,08-16-2026 19:43:28,15.76,69.81,10.28
2924,08-16-2026 19:53:28,15.37,71.03,10.16
2925,08-16-2026 20:03:28,15.08,75.07,10.72
2926,08-16-2026 20:13:28,14.91,74.7,10.47
2927,08-16-2026 20:23:28,14.63,73.68,10
2928,08-16-2026 20:33:28,14.33,73.93,9.76
2929,08-16-2026 20:43:28,14.21,75.36,9.93
2930,08-16-2026 20:53:28,14.1,76.8,10.11
2931,08-16-2026 21:03:28,13.98,74.94,9.62
2932,08-16-2026 21:13:28,13.91,75.32,9.63
2933,08-16-2026 21:23:28,13.77,73.88,9.21
2934,08-16-2026 21:33:28,13.55,75.04,9.23
2935,08-16-2026 21:43:28,13.26,75.26,8.99
2936,08-16-2026 21:53:28,13.06,75.16,8.78
2937,08-16-2026 22:03:28,12.99,73.88,8.46
2938,08-16-2026 22:13:28,12.95,73.83,8.4
2939,08-16-2026 22:23:28,12.81,73.88,8.28
2940,08-16-2026 22:33:28,12.86,72.98,8.15
2941,08-16-2026 22:43:28,12.92,72.64,8.14
2942,08-16-2026 22:53:28,12.78,72.68,8.01
2943,08-16-2026 23:03:28,12.75,73.78,8.2
2944,08-16-2026 23:13:28,12.69,72.74,7.93
2945,08-16-2026 23:23:28,12.69,72.32,7.85
2946,08-16-2026 23:33:28,12.76,72.52,7.96
2947,08-16-2026 23:43:28,12.68,71.71,7.72
2948,08-16-2026 23:53:28,12.69,70.98,7.57
2949,08-17-2026 00:03:28,12.67,71.43,7.65
2950,08-17-2026 00:13:28,12.59,70.17,7.31
2951,08-17-2026 00:23:28,12.47,69.74,7.11
2952,08-17-2026 00:33:28,12.44,67.8,6.66
2953,08-17-2026 00:43:28,12.3,68.58,6.7
2954,08-17-2026 00:53:28,12.07,68.4,6.44
2955,08-17-2026 01:03:28,11.99,67.75,6.23
2956,08-17-2026 01:13:28,11.79,69.21,6.35
2957,08-17-2026 01:23:28,11.68,67.83,5.95
2958,08-17-2026 01:33:28,11.59,68.13,5.93
2959,08-17-2026 01:43:28,11.68,66.66,5.7
2960,08-17-2026 01:53:28,11.38,67.1,5.51
2961,08-17-2026 02:03:28,11.23,67.82,5.52
2962,08-17-2026 02:13:28,11.09,68.15,5.45
2963,08-17-2026 02:23:28,11.14,67.06,5.27
2964,08-17-2026 02:33:28,10.9,67.47,5.12
2965,08-17-2026 02:43:28,10.8,68.02,5.15
2966,08-17-2026 02:53:28,10.58,68.39,5.01
2967,08-17-2026 03:03:28,10.41,68.46,4.86
2968,08-17-2026 03:13:28,10.5,67.31,4.71
2969,08-17-2026 03:23:28,10.45,66.96,4.59
2970,08-17-2026 03:33:28,10.4,66.91,4.53
2971,08-17-2026 03:43:28,10.23,67.52,4.49
2972,08-17-2026 03:53:28,10.21,66.97,4.36
2973,08-17-2026 04:03:28,10.2,65.64,4.07
2974,08-17-2026 04:13:28,10.2,67.11,4.38
2975,08-17-2026 04:23:28,10.13,66.99,4.29
2976,08-17-2026 04:33:28,10.26,68.06,4.64
2977,08-17-2026 04:43:28,10.37,67.69,4.67
2978,08-17-2026 04:53:28,10.25,66.84,4.37
2979,08-17-2026 05:03:28,10.26,67.16,4.45
2980,08-17-2026 05:13:28,10.3,66.22,4.28
2981,08-17-2026 05:23:28,10.22,67.36,4.45
2982,08-17-2026 05:33:28,10.26,67.91,4.61
2983,08-17-2026 05:43:28,10.24,67.27,4.45
2984,08-17-2026 05:53:28,10.23,68.3,4.66
2985,08-17-2026 06:03:28,10.26,67.85,4.59
2986,08-17-2026 06:13:28,10.46,68.19,4.86
2987,08-17-2026 06:23:28,10.66,67.78,4.97
2988,08-17-2026 06:33:28,10.8,69.07,5.37
2989,08-17-2026 06:43:28,10.77,70.61,5.66
2990,08-17-2026 06:53:28,10.67,71.69,5.78
2991,08-17-2026 07:03:28,10.69,71.24,5.7
2992,08-17-2026 07:13:28,10.44,73.55,5.93
2993,08-17-2026 07:23:28,10.3,76.05,6.27
2994,08-17-2026 07:33:28,10.22,78.18,6.6
2995,08-17-2026 07:43:28,9.99,78.54,6.44
2996,08-17-2026 07:53:28,9.97,77.69,6.27
2997,08-17-2026 08:03:28,10.03,78.41,6.46
2998,08-17-2026 08:13:28,9.91,78.37,6.34
2999,08-17-2026 08:23:28,9.67,81.27,6.63
3000,08-17-2026 08:33:28,9.62,79.7,6.3
3001,08-17-2026 08:43:28,9.44,80.54,6.27
3002,08-17-2026 08:53:28,9.47,81.43,6.46
3003,08-17-2026 09:03:28,9.46,82.04,6.56
3004,08-17-2026 09:13:28,9.55,80.93,6.45
3005,08-17-2026 09:23:28,9.59,80.22,6.36
3006,08-17-2026 09:33:28,9.62,81.27,6.58
3007,08-17-2026 09:43:28,9.64,80.98,6.54
3008,08-17-2026 09:53:28,9.52,83.33,6.85
3009,08-17-2026 10:03:28,9.57,83.77,6.97
3010,08-17-2026 10:13:28,9.63,85.35,7.3
3011,08-17-2026 10:23:28,9.83,83.39,7.16
3012,08-17-2026 10:33:28,9.83,83.76,7.23
3013,08-17-2026 10:43:28,9.94,83.36,7.27
3014,08-17-2026 10:53:28,10.09,83.63,7.46
3015,08-17-2026 11:03:28,10.18,81.87,7.23
3016,08-17-2026 11:13:28,10.42,83.37,7.73
3017,08-17-2026 11:23:28,10.62,82.86,7.84
3018,08-17-2026 11:33:28,10.82,81.54,7.8
3019,08-17-2026 11:43:28,10.99,80.17,7.72
3020,08-17-2026 11:53:28,11.08,80.54,7.87
3021,08-17-2026 12:03:28,11.36,79.77,8
3022,08-17-2026 12:13:28,11.31,78.97,7.81
3023,08-17-2026 12:23:28,11.38,80.4,8.14
3024,08-17-2026 12:33:28,11.47,79.66,8.09
3025,08-17-2026 12:43:28,11.56,78.85,8.03
3026,08-17-2026 12:53:28,12.02,78.67,8.44
3027,08-17-2026 13:03:28,12.22,77.45,8.4
3028,08-17-2026 13:13:28,12.69,74.22,8.23
3029,08-17-2026 13:23:28,12.97,73.79,8.41
3030,08-17-2026 13:33:28,13.14,72.72,8.36
3031,08-17-2026 13:43:28,13.41,70.25,8.12
3032,08-17-2026 13:53:28,13.66,70.38,8.39
3033,08-17-2026 14:03:28,13.94,70.01,8.57
3034,08-17-2026 14:13:28,14.06,66.46,7.92
3035,08-17-2026 14:23:28,14.15,67.2,8.18
3036,08-17-2026 14:33:28,14.28,69.22,8.73
3037,08-17-2026 14:43:28,14.45,67.36,8.49
3038,08-17-2026 14:53:28,14.49,66.87,8.42
3039,08-17-2026 15:03:28,14.52,62.26,7.4
3040,08-17-2026 15:13:28,14.56,66.67,8.45
3041,08-17-2026 15:23:28,14.3,64.65,7.75
3042,08-17-2026 15:33:28,14.2,64.4,7.6
3043,08-17-2026 15:43:28,14.16,64.47,7.57
3044,08-17-2026 15:53:28,14.12,62.18,7
3045,08-17-2026 16:03:28,14.22,63.05,7.3
3046,08-17-2026 16:13:28,14.23,63.73,7.47
3047,08-17-2026 16:23:28,14.34,63.17,7.45
3048,08-17-2026 16:33:28,14.6,60.97,7.17
3049,08-17-2026 16:43:28,14.64,60.21,7.02
3050,08-17-2026 16:53:28,14.68,61.37,7.34
3051,08-17-2026 17:03:28,14.58,62.07,7.42
3052,08-17-2026 17:13:28,14.36,62.63,7.34
3053,08-17-2026 17:23:28,14.04,69.51,8.56
3054,08-17-2026 17:33:28,12.19,76.32,8.16
3055,08-17-2026 17:43:28,10.78,78.19,7.14
3056,08-17-2026 17:53:28,10.66,78.53,7.09
3057,08-17-2026 18:03:28,10.37,79.09,6.91
3058,08-17-2026 18:13:28,10.37,82.84,7.59
3059,08-17-2026 18:23:28,10.49,85.51,8.18
3060,08-17-2026 18:33:28,10.7,78.06,7.04
3061,08-17-2026 18:43:28,11.05,82.2,8.14
3062,08-17-2026 18:53:28,11.18,79.35,7.75
3063,08-17-2026 19:03:28,11.26,77.49,7.48
3064,08-17-2026 19:13:28,11.47,77.44,7.67
3065,08-17-2026 19:23:28,11.37,80.95,8.23
3066,08-17-2026 19:33:28,11.15,82.03,8.21
3067,08-17-2026 19:43:28,11.09,82.35,8.21
3068,08-17-2026 19:53:28,11.01,81.89,8.04
3069,08-17-2026 20:03:28,11.04,76.29,7.04
3070,08-17-2026 20:13:28,11.07,80.8,7.91
3071,08-17-2026 20:23:28,11.01,81.89,8.04
3072,08-17-2026 20:33:28,10.86,82.53,8.02
3073,08-17-2026 20:43:28,10.77,81.34,7.72
3074,08-17-2026 20:53:28,10.8,80.08,7.52
3075,08-17-2026 21:03:28,10.76,82.9,7.98
3076,08-17-2026 21:13:28,10.68,83.36,7.99
3077,08-17-2026 21:23:28,10.59,81.43,7.55
3078,08-17-2026 21:33:28,10.51,79.93,7.2
3079,08-17-2026 21:43:28,10.4,79.97,7.1
3080,08-17-2026 21:53:28,10.15,80.36,6.94
3081,08-17-2026 22:03:28,10.01,76.35,6.06
3082,08-17-2026 22:13:28,9.9,77.81,6.22
3083,08-17-2026 22:23:28,10.22,74.34,5.87
3084,08-17-2026 22:33:28,10.16,71.27,5.21
3085,08-17-2026 22:43:28,10,72.91,5.37
3086,08-17-2026 22:53:28,9.91,71.97,5.11
3087,08-17-2026 23:03:28,9.79,71.41,4.88
3088,08-17-2026 23:13:28,9.74,71.93,4.93
3089,08-17-2026 23:23:28,9.52,71.02,4.54
3090,08-17-2026 23:33:28,9.42,76.46,5.5
3091,08-17-2026 23:43:28,9.35,75.05,5.17
3092,08-17-2026 23:53:28,9.23,75.99,5.23
3093,08-18-2026 00:03:28,9.1,75.12,4.94
3094,08-18-2026 00:13:28,8.93,77.9,5.29
3095,08-18-2026 00:23:28,8.83,78.51,5.31
3096,08-18-2026 00:33:28,8.78,78.13,5.19
3097,08-18-2026 00:43:28,8.61,79.84,5.34
3098,08-18-2026 00:53:28,8.55,80.45,5.38
3099,08-18-2026 01:03:28,8.37,84.44,5.91
3100,08-18-2026 01:13:28,8.19,83.66,5.59
3101,08-18-2026 01:23:28,8.11,84.82,5.72
3102,08-18-2026 01:33:28,7.99,85.49,5.71
3103,08-18-2026 01:43:28,7.86,86.67,5.78
3104,08-18-2026 01:53:28,7.72,85.89,5.51
3105,08-18-2026 02:03:28,7.69,85.6,5.43
3106,08-18-2026 02:13:28,7.62,84.1,5.12
3107,08-18-2026 02:23:28,7.45,85.72,5.22
3108,08-18-2026 02:33:28,7.39,84.56,4.97
3109,08-18-2026 02:43:28,7.25,85.73,5.02
3110,08-18-2026 02:53:28,7.33,85.01,4.98
3111,08-18-2026 03:03:28,7.5,79.96,4.27
3112,08-18-2026 03:13:28,7.64,81.56,4.69
3113,08-18-2026 03:23:28,7.72,76.77,3.9
3114,08-18-2026 03:33:28,7.78,77.05,4.02
3115,08-18-2026 03:43:28,7.75,76.71,3.93
3116,08-18-2026 03:53:28,7.75,76.86,3.95
3117,08-18-2026 04:03:28,7.55,81.21,4.55
3118,08-18-2026 04:13:28,6.74,82.83,4.03
3119,08-18-2026 04:23:28,6.6,83.33,3.98
3120,08-18-2026 04:33:28,6.38,83.44,3.79
3121,08-18-2026 04:43:28,6.26,84.03,3.77
3122,08-18-2026 04:53:28,6.43,83,3.76
3123,08-18-2026 05:03:28,6.67,81.31,3.7
3124,08-18-2026 05:13:28,6.79,80.63,3.7
3125,08-18-2026 05:23:28,6.79,80.16,3.62
3126,08-18-2026 05:33:28,6.7,80.99,3.68
3127,08-18-2026 05:43:28,6.61,81.56,3.69
3128,08-18-2026 05:53:28,6.54,82.8,3.84
3129,08-18-2026 06:03:28,6.48,82.02,3.63
3130,08-18-2026 06:13:28,6.45,82.14,3.63
3131,08-18-2026 06:23:28,6.49,81.14,3.5
3132,08-18-2026 06:33:28,6.5,81.13,3.5
3133,08-18-2026 06:43:28,6.58,81.2,3.59
3134,08-18-2026 06:53:28,6.54,80.97,3.52
3135,08-18-2026 07:03:28,6.61,80.59,3.52
3136,08-18-2026 07:13:28,6.65,79.75,3.4
3137,08-18-2026 07:23:28,6.76,78.72,3.34
3138,08-18-2026 07:33:28,6.83,78.75,3.4
3139,08-18-2026 07:43:28,6.86,79.33,3.54
3140,08-18-2026 07:53:28,7.01,78.34,3.51
3141,08-18-2026 08:03:28,6.98,78.68,3.54
3142,08-18-2026 08:13:28,7.06,77.66,3.43
3143,08-18-2026 08:23:28,7.12,78.55,3.65
3144,08-18-2026 08:33:28,7.26,78.11,3.7
3145,08-18-2026 08:43:28,7.46,78.34,3.94
3146,08-18-2026 08:53:28,7.37,79.04,3.99
3147,08-18-2026 09:03:28,7.41,78.33,3.9
3148,08-18-2026 09:13:28,7.51,76.68,3.69
3149,08-18-2026 09:23:28,7.57,75.62,3.55
3150,08-18-2026 09:33:28,7.55,76.42,3.68
3151,08-18-2026 09:43:28,7.49,77.28,3.78
3152,08-18-2026 09:53:28,7.53,74.53,3.3
3153,08-18-2026 10:03:28,7.69,76.48,3.82
3154,08-18-2026 10:13:28,7.75,76.56,3.9
3155,08-18-2026 10:23:28,7.76,76.01,3.81
3156,08-18-2026 10:33:28,7.87,74.89,3.71
3157,08-18-2026 10:43:28,8.22,77.47,4.52
3158,08-18-2026 10:53:28,8.64,76.25,4.7
3159,08-18-2026 11:03:28,8.72,75.75,4.69
3160,08-18-2026 11:13:28,8.71,74.48,4.43
3161,08-18-2026 11:23:28,8.79,75.19,4.65
3162,08-18-2026 11:33:28,8.7,75.96,4.71
3163,08-18-2026 11:43:28,8.49,74.69,4.27
3164,08-18-2026 11:53:28,8.53,75.87,4.53
3165,08-18-2026 12:03:28,8.5,76.27,4.57
3166,08-18-2026 12:13:28,8.45,76.48,4.56
3167,08-18-2026 12:23:28,8.63,76.23,4.69
3168,08-18-2026 12:33:28,8.68,75.19,4.54
3169,08-18-2026 12:43:28,8.71,76.01,4.73
3170,08-18-2026 12:53:28,8.74,76.46,4.84
3171,08-18-2026 13:03:28,8.61,75.4,4.51
3172,08-18-2026 13:13:28,8.51,76.87,4.69
3173,08-18-2026 13:23:28,8.52,77.2,4.77
3174,08-18-2026 13:33:28,8.48,78.23,4.91
3175,08-18-2026 13:43:28,8.42,78.77,4.96
3176,08-18-2026 13:53:28,8.37,77.27,4.63
3177,08-18-2026 14:03:28,8.48,79.43,5.14
3178,08-18-2026 14:13:28,8.51,78.14,4.93
3179,08-18-2026 14:23:28,10.12,91.55,8.82
3180,08-18-2026 14:33:28,11.66,89,9.92
3181,08-18-2026 14:43:28,13.15,93.9,12.21
3182,08-18-2026 14:53:28,11.9,89.87,10.31
3183,08-18-2026 15:03:28,10.73,86.51,8.58
3184,08-18-2026 15:13:28,10.31,89.62,8.69
3185,08-18-2026 15:23:28,10.37,90.37,8.88
3186,08-18-2026 15:33:28,10.31,89.19,8.62
3187,08-18-2026 15:43:28,10.23,86.8,8.14
3188,08-18-2026 15:53:28,9.83,87.44,7.86
3189,08-18-2026 16:03:28,9.53,87.21,7.52
3190,08-18-2026 16:13:28,8.97,86.41,6.84
3191,08-18-2026 16:23:28,8.46,87.88,6.58
3192,08-18-2026 16:33:28,8.54,89.8,6.97
3193,08-18-2026 16:43:28,8.82,90.94,7.43
3194,08-18-2026 16:53:28,8.76,89.31,7.1
3195,08-18-2026 17:03:28,8.97,91.37,7.65
3196,08-18-2026 17:13:28,9.14,91.22,7.79
3197,08-18-2026 17:23:28,9.33,73.34,4.81
3198,08-18-2026 17:33:28,9.56,83.32,6.88
3199,08-18-2026 17:43:28,9.61,79.82,6.3
3200,08-18-2026 17:53:28,9.66,80.88,6.55
3201,08-18-2026 18:03:28,9.7,80.93,6.6
3202,08-18-2026 18:13:28,9.73,82.15,6.85
3203,08-18-2026 18:23:28,9.76,83.44,7.1
3204,08-18-2026 18:33:28,9.79,85.88,7.55
3205,08-18-2026 18:43:28,9.8,84.96,7.4
3206,08-18-2026 18:53:28,9.83,84.7,7.39
3207,08-18-2026 19:03:28,9.84,85.5,7.54
3208,08-18-2026 19:13:28,9.86,85.02,7.47
3209,08-18-2026 19:23:28,9.87,85.72,7.6
3210,08-18-2026 19:33:28,9.88,86.18,7.69
3211,08-18-2026 19:43:28,9.9,86.45,7.75
3212,08-18-2026 19:53:28,9.92,86.7,7.82
3213,08-18-2026 20:03:28,9.94,86.83,7.86
3214,08-18-2026 20:13:28,9.97,86.96,7.91
3215,08-18-2026 20:23:28,9.98,87.01,7.93
3216,08-18-2026 20:33:28,10,86.98,7.94
3217,08-18-2026 20:43:28,10.01,86.98,7.95
3218,08-18-2026 20:53:28,10.02,87.08,7.98
3219,08-18-2026 21:03:28,10.02,87.04,7.98
3220,08-18-2026 21:13:28,10.02,86.9,7.95
3221,08-18-2026 21:23:28,10.02,86.66,7.91
3222,08-18-2026 21:33:28,10.01,86.37,7.85
3223,08-18-2026 21:43:28,10.01,86.43,7.87
3224,08-18-2026 21:53:28,10,86.33,7.83
3225,08-18-2026 22:03:28,9.98,86.29,7.81
3226,08-18-2026 22:13:28,9.97,86.02,7.75
3227,08-18-2026 22:23:28,9.94,85.87,7.7
3228,08-18-2026 22:33:28,9.92,85.82,7.67
3229,08-18-2026 22:43:28,9.9,85.69,7.62
3230,08-18-2026 22:53:28,9.87,85.31,7.53
3231,08-18-2026 23:03:28,9.83,84.79,7.41
3232,08-18-2026 23:13:28,9.79,83.97,7.22
3233,08-18-2026 23:23:28,9.77,84.29,7.25
3234,08-18-2026 23:33:28,9.74,84.43,7.25
3235,08-18-2026 23:43:28,9.72,84.53,7.25
3236,08-18-2026 23:53:28,9.72,84.57,7.26
3237,08-19-2026 00:03:28,9.71,84.57,7.24
3238,08-19-2026 00:13:28,9.69,84.49,7.22
3239,08-19-2026 00:23:28,9.67,84.28,7.16
3240,08-19-2026 00:33:28,9.65,84.27,7.13
3241,08-19-2026 00:43:28,9.61,84.19,7.09
3242,08-19-2026 00:53:28,9.59,84.27,7.07
3243,08-19-2026 01:03:28,9.55,84.28,7.04
3244,08-19-2026 01:13:28,9.51,84.23,6.99
3245,08-19-2026 01:23:28,9.47,84.32,6.97
3246,08-19-2026 01:33:28,9.42,84.22,6.9
3247,08-19-2026 01:43:28,9.37,84.25,6.86
3248,08-19-2026 01:53:28,9.33,84.03,6.78
3249,08-19-2026 02:03:28,9.27,83.76,6.68
3250,08-19-2026 02:13:28,9.23,83.93,6.67
3251,08-19-2026 02:23:28,9.18,84.05,6.63
3252,08-19-2026 02:33:28,9.13,83.89,6.56
3253,08-19-2026 02:43:28,9.08,83.84,6.5
3254,08-19-2026 02:53:28,9.02,84.02,6.48
3255,08-19-2026 03:03:28,8.97,84,6.43
3256,08-19-2026 03:13:28,8.93,84.05,6.39
3257,08-19-2026 03:23:28,8.88,83.98,6.33
3258,08-19-2026 03:33:28,8.83,83.98,6.28
3259,08-19-2026 03:43:28,8.79,84.12,6.27
3260,08-19-2026 03:53:28,8.74,84.14,6.22
3261,08-19-2026 04:03:28,8.7,84.08,6.17
3262,08-19-2026 04:13:28,8.66,84.12,6.13
3263,08-19-2026 04:23:28,8.61,84.23,6.11
3264,08-19-2026 04:33:28,8.57,84.24,6.07
3265,08-19-2026 04:43:28,8.53,84.31,6.04
3266,08-19-2026 04:53:28,8.48,84.25,5.98
3267,08-19-2026 05:03:28,8.44,84.29,5.95
3268,08-19-2026 05:13:28,8.4,84.41,5.93
3269,08-19-2026 05:23:28,8.35,84.37,5.88
3270,08-19-2026 05:33:28,8.31,84.43,5.85
3271,08-19-2026 05:43:28,8.26,84.39,5.8
3272,08-19-2026 05:53:28,8.23,84.39,5.76
3273,08-19-2026 06:03:28,8.19,84.48,5.74
3274,08-19-2026 06:13:28,8.15,84.53,5.71
3275,08-19-2026 06:23:28,8.11,84.55,5.67
3276,08-19-2026 06:33:28,8.07,84.6,5.64
3277,08-19-2026 06:43:28,8.04,84.65,5.62
3278,08-19-2026 06:53:28,8.01,84.75,5.6
3279,08-19-2026 07:03:28,7.97,84.79,5.57
3280,08-19-2026 07:13:28,7.94,84.83,5.55
3281,08-19-2026 07:23:28,7.9,84.89,5.53
3282,08-19-2026 07:33:28,7.88,84.9,5.51
3283,08-19-2026 07:43:28,7.85,84.93,5.48
3284,08-19-2026 07:53:28,7.82,85.03,5.47
3285,08-19-2026 08:03:28,7.8,85.15,5.47
3286,08-19-2026 08:13:28,7.79,85.22,5.48
3287,08-19-2026 08:23:28,7.78,85.35,5.48
3288,08-19-2026 08:33:28,7.78,85.59,5.53
3289,08-19-2026 08:43:28,7.78,85.95,5.59
3290,08-19-2026 08:53:28,7.78,86.27,5.64
3291,08-19-2026 09:03:28,7.79,86.56,5.7
3292,08-19-2026 09:13:28,7.81,86.8,5.76
3293,08-19-2026 09:23:28,7.82,86.99,5.8
3294,08-19-2026 09:33:28,7.83,87.27,5.86
3295,08-19-2026 09:43:28,7.85,87.53,5.92
3296,08-19-2026 09:53:28,7.88,88.04,6.03
3297,08-19-2026 10:03:28,7.91,88.43,6.13
3298,08-19-2026 10:13:28,7.95,88.69,6.21
3299,08-19-2026 10:23:28,7.98,88.83,6.26
3300,08-19-2026 10:33:28,8.02,88.88,6.31
3301,08-19-2026 10:43:28,8.05,89.06,6.37
3302,08-19-2026 10:53:28,8.1,89.15,6.43
3303,08-19-2026 11:03:28,8.14,89.31,6.5
3304,08-19-2026 11:13:28,8.18,89.44,6.55
3305,08-19-2026 11:23:28,8.25,89.88,6.69
3306,08-19-2026 11:33:28,8.31,90.09,6.79
3307,08-19-2026 11:43:28,8.41,90.33,6.93
3308,08-19-2026 11:53:28,8.56,91.68,7.29
3309,08-19-2026 12:03:28,8.67,92.12,7.47
3310,08-19-2026 12:13:28,8.8,92.67,7.69
3311,08-19-2026 12:23:28,8.99,93.01,7.93
3312,08-19-2026 12:33:28,9.23,93.47,8.24
3313,08-19-2026 12:43:28,9.48,93.85,8.55
3314,08-19-2026 12:53:28,9.76,94.09,8.86
3315,08-19-2026 13:03:28,9.96,94.13,9.07
3316,08-19-2026 13:13:28,10.16,94.18,9.28
3317,08-19-2026 13:23:28,10.37,94.18,9.49
3318,08-19-2026 13:33:28,10.58,94.17,9.69
3319,08-19-2026 13:43:28,10.79,94.22,9.91
3320,08-19-2026 13:53:28,11.05,94.29,10.18
3321,08-19-2026 14:03:28,11.33,94.31,10.46
3322,08-19-2026 14:13:28,11.59,94.19,10.7
3323,08-19-2026 14:23:28,11.83,94.01,10.91
3324,08-19-2026 14:33:28,12.05,93.82,11.1
3325,08-19-2026 14:43:28,12.26,93.58,11.27
3326,08-19-2026 14:53:28,12.48,93.51,11.48
3327,08-19-2026 15:03:28,12.73,93.54,11.73
3328,08-19-2026 15:13:28,12.98,93.59,11.99
3329,08-19-2026 15:23:28,13.22,93.47,12.21
3330,08-19-2026 15:33:28,13.46,93.34,12.42
3331,08-19-2026 15:43:28,13.66,93.13,12.59
3332,08-19-2026 15:53:28,13.85,92.94,12.75
3333,08-19-2026 16:03:28,14.01,92.7,12.86
3334,08-19-2026 16:13:28,14.14,92.42,12.94
3335,08-19-2026 16:23:28,14.51,92.52,13.33
3336,08-19-2026 16:33:28,14.72,90.65,13.22
3337,08-19-2026 16:43:28,14.84,88.7,13
3338,08-19-2026 16:53:28,14.96,89.09,13.19
3339,08-19-2026 17:03:28,15.08,89.44,13.38
3340,08-19-2026 17:13:28,15.22,89.78,13.57
3341,08-19-2026 17:23:28,15.35,90.1,13.75
3342,08-19-2026 17:33:28,15.5,90.19,13.91
3343,08-19-2026 17:43:28,15.63,90.23,14.05
3344,08-19-2026 17:53:28,15.77,90.27,14.2
3345,08-19-2026 18:03:28,15.91,90.36,14.35
3346,08-19-2026 18:13:28,16.04,89.77,14.38
3347,08-19-2026 18:23:28,16.15,88.37,14.25
3348,08-19-2026 18:33:28,16.25,87.02,14.1
3349,08-19-2026 18:43:28,16.33,85.98,14
3350,08-19-2026 18:53:28,16.4,85.17,13.92
3351,08-19-2026 19:03:28,16.48,85.18,14
3352,08-19-2026 19:13:28,16.54,84.7,13.97
3353,08-19-2026 19:23:28,16.61,85.13,14.12
3354,08-19-2026 19:33:28,16.7,86.52,14.46
3355,08-19-2026 19:43:28,16.81,88.64,14.94
3356,08-19-2026 19:53:28,16.95,89.78,15.28
3357,08-19-2026 20:03:28,17.11,90.47,15.56
3358,08-19-2026 20:13:28,17.27,90.42,15.71
3359,08-19-2026 20:23:28,17.43,89.96,15.78
3360,08-19-2026 20:33:28,17.56,88.94,15.74
3361,08-19-2026 20:43:28,17.65,87.5,15.57
3362,08-19-2026 20:53:28,17.7,86.84,15.5
3363,08-19-2026 21:03:28,17.73,85.08,15.21
3364,08-19-2026 21:13:28,17.73,83.43,14.91
3365,08-19-2026 21:23:28,17.7,79.85,14.2
3366,08-19-2026 21:33:28,17.65,79.4,14.06
3367,08-19-2026 21:43:28,17.58,78.89,13.9
3368,08-19-2026 21:53:28,17.51,78.9,13.82
3369,08-19-2026 22:03:28,17.42,80.11,13.97
3370,08-19-2026 22:13:28,17.33,81.91,14.23
3371,08-19-2026 22:23:28,17.23,81.11,13.98
3372,08-19-2026 22:33:28,17.13,79.82,13.64
3373,08-19-2026 22:43:28,17.03,79.43,13.46
3374,08-19-2026 22:53:28,16.93,79.32,13.34
3375,08-19-2026 23:03:28,16.81,78.9,13.15
3376,08-19-2026 23:13:28,16.7,78.78,13.02
3377,08-19-2026 23:23:28,16.6,78.34,12.83
3378,08-19-2026 23:33:28,16.48,77.82,12.62
3379,08-19-2026 23:43:28,16.39,77.49,12.46
3380,08-19-2026 23:53:28,16.28,77.53,12.36
3381,08-20-2026 00:03:28,16.15,77.39,12.21
3382,08-20-2026 00:13:28,16.02,76.74,11.96
3383,08-20-2026 00:23:28,15.89,76.14,11.71
3384,08-20-2026 00:33:28,15.75,75.63,11.47
3385,08-20-2026 00:43:28,15.59,74.63,11.12
3386,08-20-2026 00:53:28,15.44,74.17,10.88
3387,08-20-2026 01:03:28,15.29,74.12,10.72
3388,08-20-2026 01:13:28,15.13,74.12,10.57
3389,08-20-2026 01:23:28,14.97,73.57,10.3
3390,08-20-2026 01:33:28,14.8,73.33,10.09
3391,08-20-2026 01:43:28,14.64,73.17,9.9
3392,08-20-2026 01:53:28,14.49,73.16,9.76
3393,08-20-2026 02:03:28,14.32,73.14,9.59
3394,08-20-2026 02:13:28,14.16,72.69,9.34
3395,08-20-2026 02:23:28,14.01,73.05,9.27
3396,08-20-2026 02:33:28,13.86,73.01,9.12
3397,08-20-2026 02:43:28,13.69,72.79,8.91
3398,08-20-2026 02:53:28,13.54,72.73,8.75
3399,08-20-2026 03:03:28,13.38,72.72,8.6
3400,08-20-2026 03:13:28,13.22,72.7,8.44
3401,08-20-2026 03:23:28,13.08,72.38,8.24
3402,08-20-2026 03:33:28,12.92,72.47,8.1
3403,08-20-2026 03:43:28,12.77,72.94,8.05
3404,08-20-2026 03:53:28,12.62,72.83,7.88
3405,08-20-2026 04:03:28,12.48,73.22,7.83
3406,08-20-2026 04:13:28,12.34,73.5,7.75
3407,08-20-2026 04:23:28,12.2,74.1,7.74
3408,08-20-2026 04:33:28,12.07,73.86,7.56
3409,08-20-2026 04:43:28,11.94,73.86,7.44
3410,08-20-2026 04:53:28,11.82,73.96,7.34
3411,08-20-2026 05:03:28,11.69,73.84,7.2
3412,08-20-2026 05:13:28,11.57,73.88,7.08
3413,08-20-2026 05:23:28,11.45,74.12,7.02
3414,08-20-2026 05:33:28,11.33,74.07,6.89
3415,08-20-2026 05:43:28,11.21,74.23,6.8
3416,08-20-2026 05:53:28,11.09,74.28,6.7
3417,08-20-2026 06:03:28,10.96,74.16,6.55
3418,08-20-2026 06:13:28,10.84,74.47,6.5
3419,08-20-2026 06:23:28,10.73,74.99,6.48
3420,08-20-2026 06:33:28,10.62,75.48,6.48
3421,08-20-2026 06:43:28,10.53,76.4,6.56
3422,08-20-2026 06:53:28,10.44,77.22,6.64
3423,08-20-2026 07:03:28,10.37,77.97,6.71
3424,08-20-2026 07:13:28,10.3,78.41,6.72
3425,08-20-2026 07:23:28,10.25,79.46,6.86
3426,08-20-2026 07:33:28,10.19,79.97,6.9
3427,08-20-2026 07:43:28,10.14,80.56,6.96
3428,08-20-2026 07:53:28,10.09,81.08,7.01
3429,08-20-2026 08:03:28,10.05,81.89,7.11
3430,08-20-2026 08:13:28,10.03,82.73,7.24
3431,08-20-2026 08:23:28,10,83.3,7.31
3432,08-20-2026 08:33:28,9.97,83.73,7.35
3433,08-20-2026 08:43:28,9.94,84.06,7.39
3434,08-20-2026 08:53:28,9.92,84.45,7.43
3435,08-20-2026 09:03:28,9.9,84.96,7.5
3436,08-20-2026 09:13:28,9.89,85.41,7.57
3437,08-20-2026 09:23:28,9.88,85.94,7.65
3438,08-20-2026 09:33:28,9.87,86.3,7.7
3439,08-20-2026 09:43:28,9.87,86.59,7.75
3440,08-20-2026 09:53:28,9.86,86.37,7.7
3441,08-20-2026 10:03:28,9.84,86.15,7.65
3442,08-20-2026 10:13:28,9.83,86.37,7.68
3443,08-20-2026 10:23:28,9.83,86.6,7.72
3444,08-20-2026 10:33:28,9.84,86.95,7.78
3445,08-20-2026 10:43:28,9.84,87.25,7.83
3446,08-20-2026 10:53:28,9.86,87.63,7.91
3447,08-20-2026 11:03:28,9.88,87.96,7.99
3448,08-20-2026 11:13:28,9.9,88.37,8.08
3449,08-20-2026 11:23:28,9.93,88.66,8.15
3450,08-20-2026 11:33:28,9.95,88.57,8.16
3451,08-20-2026 11:43:28,9.96,87.8,8.04
3452,08-20-2026 11:53:28,9.99,88.38,8.17
3453,08-20-2026 12:03:28,10.06,89.65,8.45
3454,08-20-2026 12:13:28,10.18,91.2,8.82
3455,08-20-2026 12:23:28,10.33,92.23,9.14
3456,08-20-2026 12:33:28,10.5,92.79,9.39
3457,08-20-2026 12:43:28,10.65,92.94,9.56
3458,08-20-2026 12:53:28,10.75,92.76,9.64
3459,08-20-2026 13:03:28,10.87,92,9.64
3460,08-20-2026 13:13:28,11.05,91.56,9.74
3461,08-20-2026 13:23:28,11.16,91.56,9.85
3462,08-20-2026 13:33:28,11.32,91.78,10.04
3463,08-20-2026 13:43:28,11.48,92.09,10.25
3464,08-20-2026 13:53:28,11.66,92.37,10.47
3465,08-20-2026 14:03:28,11.82,91.9,10.56
3466,08-20-2026 14:13:28,12,91.74,10.71
3467,08-20-2026 14:23:28,12.17,91.61,10.86
3468,08-20-2026 14:33:28,12.34,91.15,10.95
3469,08-20-2026 14:43:28,12.54,91.57,11.22
3470,08-20-2026 14:53:28,12.73,91.7,11.43
3471,08-20-2026 15:03:28,12.9,91.03,11.48
3472,08-20-2026 15:13:28,13.05,89.52,11.38
3473,08-20-2026 15:23:28,13.19,88.33,11.31
3474,08-20-2026 15:33:28,13.34,88.53,11.5
3475,08-20-2026 15:43:28,13.49,88.24,11.6
3476,08-20-2026 15:53:28,13.63,87.31,11.58
3477,08-20-2026 16:03:28,13.77,86.65,11.6
3478,08-20-2026 16:13:28,13.92,86.74,11.76
3479,08-20-2026 16:23:28,14.08,87.66,12.08
3480,08-20-2026 16:33:28,14.22,86.17,11.96
3481,08-20-2026 16:43:28,14.35,86.24,12.1
3482,08-20-2026 16:53:28,14.48,86.45,12.27
3483,08-20-2026 17:03:28,14.61,86.19,12.34
3484,08-20-2026 17:13:28,14.73,86.42,12.5
3485,08-20-2026 17:23:28,14.84,87.22,12.75
3486,08-20-2026 17:33:28,14.95,87.85,12.97
3487,08-20-2026 17:43:28,15.08,89.56,13.39
3488,08-20-2026 17:53:28,15.16,89.13,13.4
3489,08-20-2026 18:03:28,15.23,88.85,13.42
3490,08-20-2026 18:13:28,15.3,89.07,13.53
3491,08-20-2026 18:23:28,15.37,89.23,13.63
3492,08-20-2026 18:33:28,15.44,89.32,13.7
3493,08-20-2026 18:43:28,15.52,90.16,13.93
3494,08-20-2026 18:53:28,15.62,90.71,14.13
3495,08-20-2026 19:03:28,15.72,91.33,14.33
3496,08-20-2026 19:13:28,15.73,89.54,14.04
3497,08-20-2026 19:23:28,15.76,88.77,13.93
3498,08-20-2026 19:33:28,15.8,88.6,13.93
3499,08-20-2026 19:43:28,15.84,89.84,14.2
3500,08-20-2026 19:53:28,15.91,90.18,14.32
3501,08-20-2026 20:03:28,15.95,90.03,14.34
3502,08-20-2026 20:13:28,16,89.4,14.28
3503,08-20-2026 20:23:28,16.03,89.58,14.34
3504,08-20-2026 20:33:28,16.06,89.23,14.31
3505,08-20-2026 20:43:28,16.08,88.96,14.28
3506,08-20-2026 20:53:28,16.08,88.3,14.17
3507,08-20-2026 21:03:28,16.07,86.1,13.76
3508,08-20-2026 21:13:28,16.06,87.54,14.01
3509,08-20-2026 21:23:28,16.06,87.18,13.95
3510,08-20-2026 21:33:28,16.04,86.99,13.89
3511,08-20-2026 21:43:28,16.06,89.58,14.37
3512,08-20-2026 21:53:28,16.1,90.65,14.59
3513,08-20-2026 22:03:28,16.12,91.06,14.68
3514,08-20-2026 22:13:28,16.15,91.01,14.7
3515,08-20-2026 22:23:28,16.14,91.04,14.69
3516,08-20-2026 22:33:28,16.14,90.53,14.61
3517,08-20-2026 22:43:28,16.12,88.72,14.28
3518,08-20-2026 22:53:28,16.11,88.97,14.31
3519,08-20-2026 23:03:28,16.08,87.93,14.1
3520,08-20-2026 23:13:28,16.03,86.93,13.87
3521,08-20-2026 23:23:28,15.97,86.36,13.72
3522,08-20-2026 23:33:28,15.92,86.07,13.61
3523,08-20-2026 23:43:28,15.87,85.73,13.5
3524,08-20-2026 23:53:28,15.81,85.53,13.41
3525,08-21-2026 00:03:28,15.76,85.56,13.36
3526,08-21-2026 00:13:28,15.7,85.7,13.33
3527,08-21-2026 00:23:28,15.65,85.58,13.26
3528,08-21-2026 00:33:28,15.58,85.54,13.19
3529,08-21-2026 00:43:28,15.52,85.35,13.09
3530,08-21-2026 00:53:28,15.46,85.43,13.05
3531,08-21-2026 01:03:28,15.4,85.34,12.97
3532,08-21-2026 01:13:28,15.33,85.34,12.9
3533,08-21-2026 01:23:28,15.26,85.27,12.82
3534,08-21-2026 01:33:28,15.2,85.33,12.77
3535,08-21-2026 01:43:28,15.14,85.25,12.7
3536,08-21-2026 01:53:28,15.08,85.35,12.65
3537,08-21-2026 02:03:28,15.02,85.28,12.58
3538,08-21-2026 02:13:28,14.95,85.25,12.51
3539,08-21-2026 02:23:28,14.89,85.29,12.46
3540,08-21-2026 02:33:28,14.84,85.25,12.4
3541,08-21-2026 02:43:28,14.76,85.18,12.32
3542,08-21-2026 02:53:28,14.72,85.21,12.28
3543,08-21-2026 03:03:28,14.66,85.18,12.21
3544,08-21-2026 03:13:28,14.6,85.1,12.14
3545,08-21-2026 03:23:28,14.54,85.16,12.09
3546,08-21-2026 03:33:28,14.48,85.17,12.04
3547,08-21-2026 03:43:28,14.43,85.14,11.98
3548,08-21-2026 03:53:28,14.36,85.19,11.92
3549,08-21-2026 04:03:28,14.3,85.17,11.86
3550,08-21-2026 04:13:28,14.24,85.08,11.78
3551,08-21-2026 04:23:28,14.19,84.89,11.7
3552,08-21-2026 04:33:28,14.12,84.81,11.62
3553,08-21-2026 04:43:28,14.06,84.64,11.53
3554,08-21-2026 04:53:28,13.99,84.41,11.42
3555,08-21-2026 05:03:28,13.94,84.14,11.32
3556,08-21-2026 05:13:28,13.86,83.94,11.21
3557,08-21-2026 05:23:28,13.8,83.75,11.11
3558,08-21-2026 05:33:28,13.73,83.49,11
3559,08-21-2026 05:43:28,13.66,83.34,10.9
3560,08-21-2026 05:53:28,13.58,83.14,10.79
3561,08-21-2026 06:03:28,13.51,83.12,10.71
3562,08-21-2026 06:13:28,13.42,83.06,10.62
3563,08-21-2026 06:23:28,13.34,83.09,10.55
3564,08-21-2026 06:33:28,13.26,83.08,10.46
3565,08-21-2026 06:43:28,13.18,83.04,10.38
3566,08-21-2026 06:53:28,13.08,82.89,10.26
3567,08-21-2026 07:03:28,13.01,82.75,10.16
3568,08-21-2026 07:13:28,12.92,82.73,10.07
3569,08-21-2026 07:23:28,12.83,82.64,9.96
3570,08-21-2026 07:33:28,12.73,82.58,9.86
3571,08-21-2026 07:43:28,12.65,82.6,9.78
3572,08-21-2026 07:53:28,12.55,82.71,9.71
3573,08-21-2026 08:03:28,12.47,83,9.67
3574,08-21-2026 08:13:28,12.4,83.37,9.67
3575,08-21-2026 08:23:28,12.31,83.8,9.66
3576,08-21-2026 08:33:28,12.23,84.26,9.67
3577,08-21-2026 08:43:28,12.16,84.96,9.72
3578,08-21-2026 08:53:28,12.11,85.69,9.8
3579,08-21-2026 09:03:28,12.07,86.49,9.9
3580,08-21-2026 09:13:28,12.03,87.3,10
3581,08-21-2026 09:23:28,12,87.92,10.07
3582,08-21-2026 09:33:28,11.97,88.35,10.12
3583,08-21-2026 09:43:28,11.95,88.49,10.12
3584,08-21-2026 09:53:28,11.94,88.88,10.17
3585,08-21-2026 10:03:28,11.91,89.09,10.19
3586,08-21-2026 10:13:28,11.9,89.06,10.17
3587,08-21-2026 10:23:28,11.91,89.23,10.21
3588,08-21-2026 10:33:28,11.94,89.75,10.33
3589,08-21-2026 10:43:28,12,90.23,10.46
3590,08-21-2026 10:53:28,12.09,90.91,10.67
3591,08-21-2026 11:03:28,12.22,91.53,10.89
3592,08-21-2026 11:13:28,12.37,91.85,11.1
3593,08-21-2026 11:23:28,12.52,92.12,11.29
3594,08-21-2026 11:33:28,12.7,92.28,11.5
3595,08-21-2026 11:43:28,12.9,92.35,11.7
3596,08-21-2026 11:53:28,13.08,92.28,11.87
3597,08-21-2026 12:03:28,13.34,92.49,12.17
3598,08-21-2026 12:13:28,13.59,91.44,12.24
3599,08-21-2026 12:23:28,13.77,89.82,12.14
3600,08-21-2026 12:33:28,13.96,89.78,12.32
3601,08-21-2026 12:43:28,14.16,90.2,12.6
3602,08-21-2026 12:53:28,14.36,90.25,12.8
3603,08-21-2026 13:03:28,14.54,90.18,12.96
3604,08-21-2026 13:13:28,14.71,90.82,13.24
3605,08-21-2026 13:23:28,14.84,90.54,13.33
3606,08-21-2026 13:33:28,14.95,89.78,13.3
3607,08-21-2026 13:43:28,15.04,89.32,13.31
3608,08-21-2026 13:53:28,15.12,89.72,13.46
3609,08-21-2026 14:03:28,15.19,89.58,13.5
3610,08-21-2026 14:13:28,15.24,89.3,13.51
3611,08-21-2026 14:23:28,15.29,88.58,13.43
3612,08-21-2026 14:33:28,15.32,88.14,13.38
3613,08-21-2026 14:43:28,15.34,87.88,13.36
3614,08-21-2026 14:53:28,15.37,87.58,13.34
3615,08-21-2026 15:03:28,15.39,86.91,13.24
3616,08-21-2026 15:13:28,15.4,86.53,13.19
3617,08-21-2026 15:23:28,15.41,85.45,13
3618,08-21-2026 15:33:28,15.39,84.44,12.8
3619,08-21-2026 15:43:28,15.37,83.19,12.55
3620,08-21-2026 15:53:28,15.33,82.55,12.39
3621,08-21-2026 16:03:28,15.3,82.22,12.3
3622,08-21-2026 16:13:28,15.25,82.19,12.25
3623,08-21-2026 16:23:28,15.21,81.8,12.14
3624,08-21-2026 16:33:28,15.16,81.39,12.02
3625,08-21-2026 16:43:28,15.12,81.05,11.91
3626,08-21-2026 16:53:28,15.07,80.63,11.78
3627,08-21-2026 17:03:28,15.01,80.12,11.62
3628,08-21-2026 17:13:28,14.94,79.77,11.49
3629,08-21-2026 17:23:28,14.88,79.55,11.39
3630,08-21-2026 17:33:28,14.82,79.3,11.29
3631,08-21-2026 17:43:28,14.76,79.15,11.2
3632,08-21-2026 17:53:28,14.69,79.12,11.13
3633,08-21-2026 18:03:28,14.63,79.07,11.06
3634,08-21-2026 18:13:28,14.57,79.03,10.99
3635,08-21-2026 18:23:28,14.51,79.02,10.93
3636,08-21-2026 18:33:28,14.44,78.99,10.85
3637,08-21-2026 18:43:28,14.37,78.87,10.76
3638,08-21-2026 18:53:28,14.3,78.71,10.66
3639,08-21-2026 19:03:28,14.22,78.55,10.56
3640,08-21-2026 19:13:28,14.14,77.53,10.28
3641,08-21-2026 19:23:28,14.1,80.21,10.76
3642,08-21-2026 19:33:28,14.08,81.47,10.97
3643,08-21-2026 19:43:28,14.04,79.68,10.6
3644,08-21-2026 19:53:28,14.02,79.82,10.61
3645,08-21-2026 20:03:28,14.02,80.37,10.71
3646,08-21-2026 20:13:28,14.03,81.02,10.84
3647,08-21-2026 20:23:28,14.04,81.5,10.94
3648,08-21-2026 20:33:28,14.06,82.18,11.08
3649,08-21-2026 20:43:28,14.1,83.36,11.34
3650,08-21-2026 20:53:28,14.14,84.03,11.5
3651,08-21-2026 21:03:28,14.18,83.65,11.47
3652,08-21-2026 21:13:28,14.22,83.75,11.52
3653,08-21-2026 21:23:28,14.27,88.06,12.34
3654,08-21-2026 21:33:28,14.33,88.8,12.52
3655,08-21-2026 21:43:28,14.37,89.25,12.64
3656,08-21-2026 21:53:28,14.4,88.54,12.55
3657,08-21-2026 22:03:28,14.44,88.39,12.56
3658,08-21-2026 22:13:28,14.48,89.08,12.72
3659,08-21-2026 22:23:28,14.51,87.53,12.48
3660,08-21-2026 22:33:28,14.55,89.47,12.86
3661,08-21-2026 22:43:28,14.57,84.56,12.01
3662,08-21-2026 22:53:28,14.55,81.66,11.46
3663,08-21-2026 23:03:28,14.52,80.59,11.24
3664,08-21-2026 23:13:28,14.48,80.89,11.25
3665,08-21-2026 23:23:28,14.48,81.87,11.43
3666,08-21-2026 23:33:28,14.51,82.7,11.62
3667,08-21-2026 23:43:28,14.55,82.38,11.59
3668,08-21-2026 23:53:28,14.58,81.97,11.55
3669,08-22-2026 00:03:28,14.59,81.54,11.49
3670,08-22-2026 00:13:28,14.61,80.94,11.39
3671,08-22-2026 00:23:28,14.61,80.7,11.34
3672,08-22-2026 00:33:28,14.58,80.51,11.29
3673,08-22-2026 00:43:28,14.59,81.62,11.5
3674,08-22-2026 00:53:28,14.54,80.09,11.16
3675,08-22-2026 01:03:28,14.54,80.08,11.16
3676,08-22-2026 01:13:28,14.52,79.84,11.1
3677,08-22-2026 01:23:28,14.49,79.39,10.98
3678,08-22-2026 01:33:28,14.47,79.16,10.92
3679,08-22-2026 01:43:28,14.42,78.7,10.78
3680,08-22-2026 01:53:28,14.39,78.47,10.71
3681,08-22-2026 02:03:28,14.34,78.14,10.6
3682,08-22-2026 02:13:28,14.3,77.93,10.52
3683,08-22-2026 02:23:28,14.24,77.57,10.39
3684,08-22-2026 02:33:28,14.19,77.38,10.3
3685,08-22-2026 02:43:28,14.13,77.31,10.23
3686,08-22-2026 02:53:28,14.07,77.26,10.16
3687,08-22-2026 03:03:28,14.01,77.23,10.11
3688,08-22-2026 03:13:28,13.96,77.24,10.05
3689,08-22-2026 03:23:28,13.9,77.3,10
3690,08-22-2026 03:33:28,13.83,77.18,9.91
3691,08-22-2026 03:43:28,13.77,76.93,9.81
3692,08-22-2026 03:53:28,13.69,76.99,9.75
3693,08-22-2026 04:03:28,13.63,77.12,9.71
3694,08-22-2026 04:13:28,13.55,77.06,9.63
3695,08-22-2026 04:23:28,13.48,76.78,9.5
3696,08-22-2026 04:33:28,13.4,76.57,9.38
3697,08-22-2026 04:43:28,13.33,76.48,9.29
3698,08-22-2026 04:53:28,13.25,76.43,9.21
3699,08-22-2026 05:03:28,13.17,76.48,9.14
3700,08-22-2026 05:13:28,13.1,76.56,9.09
3701,08-22-2026 05:23:28,13.02,76.64,9.03
3702,08-22-2026 05:33:28,12.95,76.42,8.91
3703,08-22-2026 05:43:28,12.86,75.81,8.71
3704,08-22-2026 05:53:28,12.78,75.79,8.63
3705,08-22-2026 06:03:28,12.69,76.25,8.63
3706,08-22-2026 06:13:28,12.61,76.54,8.61
3707,08-22-2026 06:23:28,12.53,76.79,8.58
3708,08-22-2026 06:33:28,12.46,76.97,8.55
3709,08-22-2026 06:43:28,12.38,77.17,8.51
3710,08-22-2026 06:53:28,12.3,77.35,8.47
3711,08-22-2026 07:03:28,12.23,77.51,8.42
3712,08-22-2026 07:13:28,12.15,77.71,8.39
3713,08-22-2026 07:23:28,12.08,77.87,8.35
3714,08-22-2026 07:33:28,12.01,78.05,8.32
3715,08-22-2026 07:43:28,11.94,78.14,8.27
3716,08-22-2026 07:53:28,11.88,78.6,8.29
3717,08-22-2026 08:03:28,11.82,79.16,8.34
3718,08-22-2026 08:13:28,11.77,79.87,8.42
3719,08-22-2026 08:23:28,11.71,80.33,8.45
3720,08-22-2026 08:33:28,11.66,80.74,8.48
3721,08-22-2026 08:43:28,11.62,80.98,8.48
3722,08-22-2026 08:53:28,11.58,81.17,8.47
3723,08-22-2026 09:03:28,11.53,81.28,8.45
3724,08-22-2026 09:13:28,11.49,81.48,8.45
3725,08-22-2026 09:23:28,11.44,81.52,8.41
3726,08-22-2026 09:33:28,11.41,81.47,8.36
3727,08-22-2026 09:43:28,11.37,81.53,8.33
3728,08-22-2026 09:53:28,11.33,81.81,8.34
3729,08-22-2026 10:03:28,11.3,82.35,8.41
3730,08-22-2026 10:13:28,11.26,82.72,8.44
3731,08-22-2026 10:23:28,11.23,83.02,8.46
3732,08-22-2026 10:33:28,11.19,83.47,8.5
3733,08-22-2026 10:43:28,11.17,83.67,8.52
3734,08-22-2026 10:53:28,11.16,84.81,8.71
3735,08-22-2026 11:03:28,11.17,85.96,8.92
3736,08-22-2026 11:13:28,11.18,83.71,8.54
3737,08-22-2026 11:23:28,11.17,84.48,8.66
3738,08-22-2026 11:33:28,11.19,85.03,8.78
3739,08-22-2026 11:43:28,11.22,85.44,8.88
3740,08-22-2026 11:53:28,11.24,86,9
3741,08-22-2026 12:03:28,11.27,86.61,9.13
3742,08-22-2026 12:13:28,11.32,87.3,9.3
3743,08-22-2026 12:23:28,11.37,87.91,9.45
3744,08-22-2026 12:33:28,11.42,88.13,9.54
3745,08-22-2026 12:43:28,11.44,86.71,9.32
3746,08-22-2026 12:53:28,11.48,85.11,9.07
3747,08-22-2026 13:03:28,11.49,84.4,8.97
3748,08-22-2026 13:13:28,11.51,82.77,8.7
3749,08-22-2026 13:23:28,11.55,82.81,8.74
3750,08-22-2026 13:33:28,11.59,82.19,8.67
3751,08-22-2026 13:43:28,11.62,81.37,8.55
3752,08-22-2026 13:53:28,13.84,77.06,9.9
3753,08-22-2026 14:03:28,15.17,72.09,10.19
3754,08-22-2026 14:13:28,15.59,70.8,10.33
3755,08-22-2026 14:23:28,15.86,70.3,10.47
3756,08-22-2026 14:33:28,16.08,70.08,10.65
3757,08-22-2026 14:43:28,16.33,70.17,10.9
3758,08-22-2026 14:53:28,16.62,70.46,11.24
3759,08-22-2026 15:03:28,16.94,69.29,11.3
3760,08-22-2026 15:13:28,17.26,68.79,11.5
3761,08-22-2026 15:23:28,17.55,68.8,11.77
3762,08-22-2026 15:33:28,17.79,68.66,11.97
3763,08-22-2026 15:43:28,18.68,59.48,10.64
3764,08-22-2026 15:53:28,19.69,52.13,9.61
3765,08-22-2026 16:03:28,20.46,49.54,9.56
3766,08-22-2026 16:13:28,20.91,47.57,9.37
3767,08-22-2026 16:23:28,20.98,46.91,9.23
3768,08-22-2026 16:33:28,21.09,44.95,8.7
3769,08-22-2026 16:43:28,21.22,45.81,9.1
3770,08-22-2026 16:53:28,21.38,44.59,8.84
3771,08-22-2026 17:03:28,21.37,39.38,7
3772,08-22-2026 17:13:28,21.27,39.55,6.97
3773,08-22-2026 17:23:28,21.27,42.03,7.87
3774,08-22-2026 17:33:28,21.33,40.2,7.28
3775,08-22-2026 17:43:28,21.45,40.19,7.38
3776,08-22-2026 17:53:28,21.57,41.33,7.89
3777,08-22-2026 18:03:28,21.46,35.67,5.65
3778,08-22-2026 18:13:28,21.26,35.83,5.54
3779,08-22-2026 18:23:28,21.17,38.13,6.36
3780,08-22-2026 18:33:28,21.22,38.37,6.49
3781,08-22-2026 18:43:28,21.25,40.53,7.32
3782,08-22-2026 18:53:28,21.26,38.17,6.45
3783,08-22-2026 19:03:28,21.23,41.18,7.54
